Integration for MBnrg CO2 at 380.0 K for B2 with dist: 2.200000-45.000000 and step size: 0.050000
Steps: 10000
Intra Steps: 10000
random seed: 1639844264
isFlex = true
1 steps have finished
2 steps have finished
3 steps have finished
4 steps have finished
5 steps have finished
6 steps have finished
7 steps have finished
8 steps have finished
9 steps have finished
10 steps have finished
11 steps have finished
12 steps have finished
13 steps have finished
14 steps have finished
15 steps have finished
16 steps have finished
17 steps have finished
18 steps have finished
19 steps have finished
20 steps have finished
21 steps have finished
22 steps have finished
23 steps have finished
24 steps have finished
25 steps have finished
26 steps have finished
27 steps have finished
28 steps have finished
29 steps have finished
30 steps have finished
31 steps have finished
32 steps have finished
33 steps have finished
34 steps have finished
35 steps have finished
36 steps have finished
37 steps have finished
38 steps have finished
39 steps have finished
40 steps have finished
41 steps have finished
42 steps have finished
43 steps have finished
44 steps have finished
45 steps have finished
46 steps have finished
47 steps have finished
48 steps have finished
49 steps have finished
50 steps have finished
51 steps have finished
52 steps have finished
53 steps have finished
54 steps have finished
55 steps have finished
56 steps have finished
57 steps have finished
58 steps have finished
59 steps have finished
60 steps have finished
61 steps have finished
62 steps have finished
63 steps have finished
64 steps have finished
65 steps have finished
66 steps have finished
67 steps have finished
68 steps have finished
69 steps have finished
70 steps have finished
71 steps have finished
72 steps have finished
73 steps have finished
74 steps have finished
75 steps have finished
76 steps have finished
77 steps have finished
78 steps have finished
79 steps have finished
80 steps have finished
81 steps have finished
82 steps have finished
83 steps have finished
84 steps have finished
85 steps have finished
86 steps have finished
87 steps have finished
88 steps have finished
89 steps have finished
90 steps have finished
91 steps have finished
92 steps have finished
93 steps have finished
94 steps have finished
95 steps have finished
96 steps have finished
97 steps have finished
98 steps have finished
99 steps have finished
100 steps have finished
101 steps have finished
102 steps have finished
103 steps have finished
104 steps have finished
105 steps have finished
106 steps have finished
107 steps have finished
108 steps have finished
109 steps have finished
110 steps have finished
111 steps have finished
112 steps have finished
113 steps have finished
114 steps have finished
115 steps have finished
116 steps have finished
117 steps have finished
118 steps have finished
119 steps have finished
120 steps have finished
121 steps have finished
122 steps have finished
123 steps have finished
124 steps have finished
125 steps have finished
126 steps have finished
127 steps have finished
128 steps have finished
129 steps have finished
130 steps have finished
131 steps have finished
132 steps have finished
133 steps have finished
134 steps have finished
135 steps have finished
136 steps have finished
137 steps have finished
138 steps have finished
139 steps have finished
140 steps have finished
141 steps have finished
142 steps have finished
143 steps have finished
144 steps have finished
145 steps have finished
146 steps have finished
147 steps have finished
148 steps have finished
149 steps have finished
150 steps have finished
151 steps have finished
152 steps have finished
153 steps have finished
154 steps have finished
155 steps have finished
156 steps have finished
157 steps have finished
158 steps have finished
159 steps have finished
160 steps have finished
161 steps have finished
162 steps have finished
163 steps have finished
164 steps have finished
165 steps have finished
166 steps have finished
167 steps have finished
168 steps have finished
169 steps have finished
170 steps have finished
171 steps have finished
172 steps have finished
173 steps have finished
174 steps have finished
175 steps have finished
176 steps have finished
177 steps have finished
178 steps have finished
179 steps have finished
180 steps have finished
181 steps have finished
182 steps have finished
183 steps have finished
184 steps have finished
185 steps have finished
186 steps have finished
187 steps have finished
188 steps have finished
189 steps have finished
190 steps have finished
191 steps have finished
192 steps have finished
193 steps have finished
194 steps have finished
195 steps have finished
196 steps have finished
197 steps have finished
198 steps have finished
199 steps have finished
200 steps have finished
201 steps have finished
202 steps have finished
203 steps have finished
204 steps have finished
205 steps have finished
206 steps have finished
207 steps have finished
208 steps have finished
209 steps have finished
210 steps have finished
211 steps have finished
212 steps have finished
213 steps have finished
214 steps have finished
215 steps have finished
216 steps have finished
217 steps have finished
218 steps have finished
219 steps have finished
220 steps have finished
221 steps have finished
222 steps have finished
223 steps have finished
224 steps have finished
225 steps have finished
226 steps have finished
227 steps have finished
228 steps have finished
229 steps have finished
230 steps have finished
231 steps have finished
232 steps have finished
233 steps have finished
234 steps have finished
235 steps have finished
236 steps have finished
237 steps have finished
238 steps have finished
239 steps have finished
240 steps have finished
241 steps have finished
242 steps have finished
243 steps have finished
244 steps have finished
245 steps have finished
246 steps have finished
247 steps have finished
248 steps have finished
249 steps have finished
250 steps have finished
251 steps have finished
252 steps have finished
253 steps have finished
254 steps have finished
255 steps have finished
256 steps have finished
257 steps have finished
258 steps have finished
259 steps have finished
260 steps have finished
261 steps have finished
262 steps have finished
263 steps have finished
264 steps have finished
265 steps have finished
266 steps have finished
267 steps have finished
268 steps have finished
269 steps have finished
270 steps have finished
271 steps have finished
272 steps have finished
273 steps have finished
274 steps have finished
275 steps have finished
276 steps have finished
277 steps have finished
278 steps have finished
279 steps have finished
280 steps have finished
281 steps have finished
282 steps have finished
283 steps have finished
284 steps have finished
285 steps have finished
286 steps have finished
287 steps have finished
288 steps have finished
289 steps have finished
290 steps have finished
291 steps have finished
292 steps have finished
293 steps have finished
294 steps have finished
295 steps have finished
296 steps have finished
297 steps have finished
298 steps have finished
299 steps have finished
300 steps have finished
301 steps have finished
302 steps have finished
303 steps have finished
304 steps have finished
305 steps have finished
306 steps have finished
307 steps have finished
308 steps have finished
309 steps have finished
310 steps have finished
311 steps have finished
312 steps have finished
313 steps have finished
314 steps have finished
315 steps have finished
316 steps have finished
317 steps have finished
318 steps have finished
319 steps have finished
320 steps have finished
321 steps have finished
322 steps have finished
323 steps have finished
324 steps have finished
325 steps have finished
326 steps have finished
327 steps have finished
328 steps have finished
329 steps have finished
330 steps have finished
331 steps have finished
332 steps have finished
333 steps have finished
334 steps have finished
335 steps have finished
336 steps have finished
337 steps have finished
338 steps have finished
339 steps have finished
340 steps have finished
341 steps have finished
342 steps have finished
343 steps have finished
344 steps have finished
345 steps have finished
346 steps have finished
347 steps have finished
348 steps have finished
349 steps have finished
350 steps have finished
351 steps have finished
352 steps have finished
353 steps have finished
354 steps have finished
355 steps have finished
356 steps have finished
357 steps have finished
358 steps have finished
359 steps have finished
360 steps have finished
361 steps have finished
362 steps have finished
363 steps have finished
364 steps have finished
365 steps have finished
366 steps have finished
367 steps have finished
368 steps have finished
369 steps have finished
370 steps have finished
371 steps have finished
372 steps have finished
373 steps have finished
374 steps have finished
375 steps have finished
376 steps have finished
377 steps have finished
378 steps have finished
379 steps have finished
380 steps have finished
381 steps have finished
382 steps have finished
383 steps have finished
384 steps have finished
385 steps have finished
386 steps have finished
387 steps have finished
388 steps have finished
389 steps have finished
390 steps have finished
391 steps have finished
392 steps have finished
393 steps have finished
394 steps have finished
395 steps have finished
396 steps have finished
397 steps have finished
398 steps have finished
399 steps have finished
400 steps have finished
401 steps have finished
402 steps have finished
403 steps have finished
404 steps have finished
405 steps have finished
406 steps have finished
407 steps have finished
408 steps have finished
409 steps have finished
410 steps have finished
411 steps have finished
412 steps have finished
413 steps have finished
414 steps have finished
415 steps have finished
416 steps have finished
417 steps have finished
418 steps have finished
419 steps have finished
420 steps have finished
421 steps have finished
422 steps have finished
423 steps have finished
424 steps have finished
425 steps have finished
426 steps have finished
427 steps have finished
428 steps have finished
429 steps have finished
430 steps have finished
431 steps have finished
432 steps have finished
433 steps have finished
434 steps have finished
435 steps have finished
436 steps have finished
437 steps have finished
438 steps have finished
439 steps have finished
440 steps have finished
441 steps have finished
442 steps have finished
443 steps have finished
444 steps have finished
445 steps have finished
446 steps have finished
447 steps have finished
448 steps have finished
449 steps have finished
450 steps have finished
451 steps have finished
452 steps have finished
453 steps have finished
454 steps have finished
455 steps have finished
456 steps have finished
457 steps have finished
458 steps have finished
459 steps have finished
460 steps have finished
461 steps have finished
462 steps have finished
463 steps have finished
464 steps have finished
465 steps have finished
466 steps have finished
467 steps have finished
468 steps have finished
469 steps have finished
470 steps have finished
471 steps have finished
472 steps have finished
473 steps have finished
474 steps have finished
475 steps have finished
476 steps have finished
477 steps have finished
478 steps have finished
479 steps have finished
480 steps have finished
481 steps have finished
482 steps have finished
483 steps have finished
484 steps have finished
485 steps have finished
486 steps have finished
487 steps have finished
488 steps have finished
489 steps have finished
490 steps have finished
491 steps have finished
492 steps have finished
493 steps have finished
494 steps have finished
495 steps have finished
496 steps have finished
497 steps have finished
498 steps have finished
499 steps have finished
500 steps have finished
501 steps have finished
502 steps have finished
503 steps have finished
504 steps have finished
505 steps have finished
506 steps have finished
507 steps have finished
508 steps have finished
509 steps have finished
510 steps have finished
511 steps have finished
512 steps have finished
513 steps have finished
514 steps have finished
515 steps have finished
516 steps have finished
517 steps have finished
518 steps have finished
519 steps have finished
520 steps have finished
521 steps have finished
522 steps have finished
523 steps have finished
524 steps have finished
525 steps have finished
526 steps have finished
527 steps have finished
528 steps have finished
529 steps have finished
530 steps have finished
531 steps have finished
532 steps have finished
533 steps have finished
534 steps have finished
535 steps have finished
536 steps have finished
537 steps have finished
538 steps have finished
539 steps have finished
540 steps have finished
541 steps have finished
542 steps have finished
543 steps have finished
544 steps have finished
545 steps have finished
546 steps have finished
547 steps have finished
548 steps have finished
549 steps have finished
550 steps have finished
551 steps have finished
552 steps have finished
553 steps have finished
554 steps have finished
555 steps have finished
556 steps have finished
557 steps have finished
558 steps have finished
559 steps have finished
560 steps have finished
561 steps have finished
562 steps have finished
563 steps have finished
564 steps have finished
565 steps have finished
566 steps have finished
567 steps have finished
568 steps have finished
569 steps have finished
570 steps have finished
571 steps have finished
572 steps have finished
573 steps have finished
574 steps have finished
575 steps have finished
576 steps have finished
577 steps have finished
578 steps have finished
579 steps have finished
580 steps have finished
581 steps have finished
582 steps have finished
583 steps have finished
584 steps have finished
585 steps have finished
586 steps have finished
587 steps have finished
588 steps have finished
589 steps have finished
590 steps have finished
591 steps have finished
592 steps have finished
593 steps have finished
594 steps have finished
595 steps have finished
596 steps have finished
597 steps have finished
598 steps have finished
599 steps have finished
600 steps have finished
601 steps have finished
602 steps have finished
603 steps have finished
604 steps have finished
605 steps have finished
606 steps have finished
607 steps have finished
608 steps have finished
609 steps have finished
610 steps have finished
611 steps have finished
612 steps have finished
613 steps have finished
614 steps have finished
615 steps have finished
616 steps have finished
617 steps have finished
618 steps have finished
619 steps have finished
620 steps have finished
621 steps have finished
622 steps have finished
623 steps have finished
624 steps have finished
625 steps have finished
626 steps have finished
627 steps have finished
628 steps have finished
629 steps have finished
630 steps have finished
631 steps have finished
632 steps have finished
633 steps have finished
634 steps have finished
635 steps have finished
636 steps have finished
637 steps have finished
638 steps have finished
639 steps have finished
640 steps have finished
641 steps have finished
642 steps have finished
643 steps have finished
644 steps have finished
645 steps have finished
646 steps have finished
647 steps have finished
648 steps have finished
649 steps have finished
650 steps have finished
651 steps have finished
652 steps have finished
653 steps have finished
654 steps have finished
655 steps have finished
656 steps have finished
657 steps have finished
658 steps have finished
659 steps have finished
660 steps have finished
661 steps have finished
662 steps have finished
663 steps have finished
664 steps have finished
665 steps have finished
666 steps have finished
667 steps have finished
668 steps have finished
669 steps have finished
670 steps have finished
671 steps have finished
672 steps have finished
673 steps have finished
674 steps have finished
675 steps have finished
676 steps have finished
677 steps have finished
678 steps have finished
679 steps have finished
680 steps have finished
681 steps have finished
682 steps have finished
683 steps have finished
684 steps have finished
685 steps have finished
686 steps have finished
687 steps have finished
688 steps have finished
689 steps have finished
690 steps have finished
691 steps have finished
692 steps have finished
693 steps have finished
694 steps have finished
695 steps have finished
696 steps have finished
697 steps have finished
698 steps have finished
699 steps have finished
700 steps have finished
701 steps have finished
702 steps have finished
703 steps have finished
704 steps have finished
705 steps have finished
706 steps have finished
707 steps have finished
708 steps have finished
709 steps have finished
710 steps have finished
711 steps have finished
712 steps have finished
713 steps have finished
714 steps have finished
715 steps have finished
716 steps have finished
717 steps have finished
718 steps have finished
719 steps have finished
720 steps have finished
721 steps have finished
722 steps have finished
723 steps have finished
724 steps have finished
725 steps have finished
726 steps have finished
727 steps have finished
728 steps have finished
729 steps have finished
730 steps have finished
731 steps have finished
732 steps have finished
733 steps have finished
734 steps have finished
735 steps have finished
736 steps have finished
737 steps have finished
738 steps have finished
739 steps have finished
740 steps have finished
741 steps have finished
742 steps have finished
743 steps have finished
744 steps have finished
745 steps have finished
746 steps have finished
747 steps have finished
748 steps have finished
749 steps have finished
750 steps have finished
751 steps have finished
752 steps have finished
753 steps have finished
754 steps have finished
755 steps have finished
756 steps have finished
757 steps have finished
758 steps have finished
759 steps have finished
760 steps have finished
761 steps have finished
762 steps have finished
763 steps have finished
764 steps have finished
765 steps have finished
766 steps have finished
767 steps have finished
768 steps have finished
769 steps have finished
770 steps have finished
771 steps have finished
772 steps have finished
773 steps have finished
774 steps have finished
775 steps have finished
776 steps have finished
777 steps have finished
778 steps have finished
779 steps have finished
780 steps have finished
781 steps have finished
782 steps have finished
783 steps have finished
784 steps have finished
785 steps have finished
786 steps have finished
787 steps have finished
788 steps have finished
789 steps have finished
790 steps have finished
791 steps have finished
792 steps have finished
793 steps have finished
794 steps have finished
795 steps have finished
796 steps have finished
797 steps have finished
798 steps have finished
799 steps have finished
800 steps have finished
801 steps have finished
802 steps have finished
803 steps have finished
804 steps have finished
805 steps have finished
806 steps have finished
807 steps have finished
808 steps have finished
809 steps have finished
810 steps have finished
811 steps have finished
812 steps have finished
813 steps have finished
814 steps have finished
815 steps have finished
816 steps have finished
817 steps have finished
818 steps have finished
819 steps have finished
820 steps have finished
821 steps have finished
822 steps have finished
823 steps have finished
824 steps have finished
825 steps have finished
826 steps have finished
827 steps have finished
828 steps have finished
829 steps have finished
830 steps have finished
831 steps have finished
832 steps have finished
833 steps have finished
834 steps have finished
835 steps have finished
836 steps have finished
837 steps have finished
838 steps have finished
839 steps have finished
840 steps have finished
841 steps have finished
842 steps have finished
843 steps have finished
844 steps have finished
845 steps have finished
846 steps have finished
847 steps have finished
848 steps have finished
849 steps have finished
850 steps have finished
851 steps have finished
852 steps have finished
853 steps have finished
854 steps have finished
855 steps have finished
856 steps have finished
857 steps have finished
858 steps have finished
859 steps have finished
860 steps have finished
861 steps have finished
862 steps have finished
863 steps have finished
864 steps have finished
865 steps have finished
866 steps have finished
867 steps have finished
868 steps have finished
869 steps have finished
870 steps have finished
871 steps have finished
872 steps have finished
873 steps have finished
874 steps have finished
875 steps have finished
876 steps have finished
877 steps have finished
878 steps have finished
879 steps have finished
880 steps have finished
881 steps have finished
882 steps have finished
883 steps have finished
884 steps have finished
885 steps have finished
886 steps have finished
887 steps have finished
888 steps have finished
889 steps have finished
890 steps have finished
891 steps have finished
892 steps have finished
893 steps have finished
894 steps have finished
895 steps have finished
896 steps have finished
897 steps have finished
898 steps have finished
899 steps have finished
900 steps have finished
901 steps have finished
902 steps have finished
903 steps have finished
904 steps have finished
905 steps have finished
906 steps have finished
907 steps have finished
908 steps have finished
909 steps have finished
910 steps have finished
911 steps have finished
912 steps have finished
913 steps have finished
914 steps have finished
915 steps have finished
916 steps have finished
917 steps have finished
918 steps have finished
919 steps have finished
920 steps have finished
921 steps have finished
922 steps have finished
923 steps have finished
924 steps have finished
925 steps have finished
926 steps have finished
927 steps have finished
928 steps have finished
929 steps have finished
930 steps have finished
931 steps have finished
932 steps have finished
933 steps have finished
934 steps have finished
935 steps have finished
936 steps have finished
937 steps have finished
938 steps have finished
939 steps have finished
940 steps have finished
941 steps have finished
942 steps have finished
943 steps have finished
944 steps have finished
945 steps have finished
946 steps have finished
947 steps have finished
948 steps have finished
949 steps have finished
950 steps have finished
951 steps have finished
952 steps have finished
953 steps have finished
954 steps have finished
955 steps have finished
956 steps have finished
957 steps have finished
958 steps have finished
959 steps have finished
960 steps have finished
961 steps have finished
962 steps have finished
963 steps have finished
964 steps have finished
965 steps have finished
966 steps have finished
967 steps have finished
968 steps have finished
969 steps have finished
970 steps have finished
971 steps have finished
972 steps have finished
973 steps have finished
974 steps have finished
975 steps have finished
976 steps have finished
977 steps have finished
978 steps have finished
979 steps have finished
980 steps have finished
981 steps have finished
982 steps have finished
983 steps have finished
984 steps have finished
985 steps have finished
986 steps have finished
987 steps have finished
988 steps have finished
989 steps have finished
990 steps have finished
991 steps have finished
992 steps have finished
993 steps have finished
994 steps have finished
995 steps have finished
996 steps have finished
997 steps have finished
998 steps have finished
999 steps have finished
1000 steps have finished
1001 steps have finished
1002 steps have finished
1003 steps have finished
1004 steps have finished
1005 steps have finished
1006 steps have finished
1007 steps have finished
1008 steps have finished
1009 steps have finished
1010 steps have finished
1011 steps have finished
1012 steps have finished
1013 steps have finished
1014 steps have finished
1015 steps have finished
1016 steps have finished
1017 steps have finished
1018 steps have finished
1019 steps have finished
1020 steps have finished
1021 steps have finished
1022 steps have finished
1023 steps have finished
1024 steps have finished
1025 steps have finished
1026 steps have finished
1027 steps have finished
1028 steps have finished
1029 steps have finished
1030 steps have finished
1031 steps have finished
1032 steps have finished
1033 steps have finished
1034 steps have finished
1035 steps have finished
1036 steps have finished
1037 steps have finished
1038 steps have finished
1039 steps have finished
1040 steps have finished
1041 steps have finished
1042 steps have finished
1043 steps have finished
1044 steps have finished
1045 steps have finished
1046 steps have finished
1047 steps have finished
1048 steps have finished
1049 steps have finished
1050 steps have finished
1051 steps have finished
1052 steps have finished
1053 steps have finished
1054 steps have finished
1055 steps have finished
1056 steps have finished
1057 steps have finished
1058 steps have finished
1059 steps have finished
1060 steps have finished
1061 steps have finished
1062 steps have finished
1063 steps have finished
1064 steps have finished
1065 steps have finished
1066 steps have finished
1067 steps have finished
1068 steps have finished
1069 steps have finished
1070 steps have finished
1071 steps have finished
1072 steps have finished
1073 steps have finished
1074 steps have finished
1075 steps have finished
1076 steps have finished
1077 steps have finished
1078 steps have finished
1079 steps have finished
1080 steps have finished
1081 steps have finished
1082 steps have finished
1083 steps have finished
1084 steps have finished
1085 steps have finished
1086 steps have finished
1087 steps have finished
1088 steps have finished
1089 steps have finished
1090 steps have finished
1091 steps have finished
1092 steps have finished
1093 steps have finished
1094 steps have finished
1095 steps have finished
1096 steps have finished
1097 steps have finished
1098 steps have finished
1099 steps have finished
1100 steps have finished
1101 steps have finished
1102 steps have finished
1103 steps have finished
1104 steps have finished
1105 steps have finished
1106 steps have finished
1107 steps have finished
1108 steps have finished
1109 steps have finished
1110 steps have finished
1111 steps have finished
1112 steps have finished
1113 steps have finished
1114 steps have finished
1115 steps have finished
1116 steps have finished
1117 steps have finished
1118 steps have finished
1119 steps have finished
1120 steps have finished
1121 steps have finished
1122 steps have finished
1123 steps have finished
1124 steps have finished
1125 steps have finished
1126 steps have finished
1127 steps have finished
1128 steps have finished
1129 steps have finished
1130 steps have finished
1131 steps have finished
1132 steps have finished
1133 steps have finished
1134 steps have finished
1135 steps have finished
1136 steps have finished
1137 steps have finished
1138 steps have finished
1139 steps have finished
1140 steps have finished
1141 steps have finished
1142 steps have finished
1143 steps have finished
1144 steps have finished
1145 steps have finished
1146 steps have finished
1147 steps have finished
1148 steps have finished
1149 steps have finished
1150 steps have finished
1151 steps have finished
1152 steps have finished
1153 steps have finished
1154 steps have finished
1155 steps have finished
1156 steps have finished
1157 steps have finished
1158 steps have finished
1159 steps have finished
1160 steps have finished
1161 steps have finished
1162 steps have finished
1163 steps have finished
1164 steps have finished
1165 steps have finished
1166 steps have finished
1167 steps have finished
1168 steps have finished
1169 steps have finished
1170 steps have finished
1171 steps have finished
1172 steps have finished
1173 steps have finished
1174 steps have finished
1175 steps have finished
1176 steps have finished
1177 steps have finished
1178 steps have finished
1179 steps have finished
1180 steps have finished
1181 steps have finished
1182 steps have finished
1183 steps have finished
1184 steps have finished
1185 steps have finished
1186 steps have finished
1187 steps have finished
1188 steps have finished
1189 steps have finished
1190 steps have finished
1191 steps have finished
1192 steps have finished
1193 steps have finished
1194 steps have finished
1195 steps have finished
1196 steps have finished
1197 steps have finished
1198 steps have finished
1199 steps have finished
1200 steps have finished
1201 steps have finished
1202 steps have finished
1203 steps have finished
1204 steps have finished
1205 steps have finished
1206 steps have finished
1207 steps have finished
1208 steps have finished
1209 steps have finished
1210 steps have finished
1211 steps have finished
1212 steps have finished
1213 steps have finished
1214 steps have finished
1215 steps have finished
1216 steps have finished
1217 steps have finished
1218 steps have finished
1219 steps have finished
1220 steps have finished
1221 steps have finished
1222 steps have finished
1223 steps have finished
1224 steps have finished
1225 steps have finished
1226 steps have finished
1227 steps have finished
1228 steps have finished
1229 steps have finished
1230 steps have finished
1231 steps have finished
1232 steps have finished
1233 steps have finished
1234 steps have finished
1235 steps have finished
1236 steps have finished
1237 steps have finished
1238 steps have finished
1239 steps have finished
1240 steps have finished
1241 steps have finished
1242 steps have finished
1243 steps have finished
1244 steps have finished
1245 steps have finished
1246 steps have finished
1247 steps have finished
1248 steps have finished
1249 steps have finished
1250 steps have finished
1251 steps have finished
1252 steps have finished
1253 steps have finished
1254 steps have finished
1255 steps have finished
1256 steps have finished
1257 steps have finished
1258 steps have finished
1259 steps have finished
1260 steps have finished
1261 steps have finished
1262 steps have finished
1263 steps have finished
1264 steps have finished
1265 steps have finished
1266 steps have finished
1267 steps have finished
1268 steps have finished
1269 steps have finished
1270 steps have finished
1271 steps have finished
1272 steps have finished
1273 steps have finished
1274 steps have finished
1275 steps have finished
1276 steps have finished
1277 steps have finished
1278 steps have finished
1279 steps have finished
1280 steps have finished
1281 steps have finished
1282 steps have finished
1283 steps have finished
1284 steps have finished
1285 steps have finished
1286 steps have finished
1287 steps have finished
1288 steps have finished
1289 steps have finished
1290 steps have finished
1291 steps have finished
1292 steps have finished
1293 steps have finished
1294 steps have finished
1295 steps have finished
1296 steps have finished
1297 steps have finished
1298 steps have finished
1299 steps have finished
1300 steps have finished
1301 steps have finished
1302 steps have finished
1303 steps have finished
1304 steps have finished
1305 steps have finished
1306 steps have finished
1307 steps have finished
1308 steps have finished
1309 steps have finished
1310 steps have finished
1311 steps have finished
1312 steps have finished
1313 steps have finished
1314 steps have finished
1315 steps have finished
1316 steps have finished
1317 steps have finished
1318 steps have finished
1319 steps have finished
1320 steps have finished
1321 steps have finished
1322 steps have finished
1323 steps have finished
1324 steps have finished
1325 steps have finished
1326 steps have finished
1327 steps have finished
1328 steps have finished
1329 steps have finished
1330 steps have finished
1331 steps have finished
1332 steps have finished
1333 steps have finished
1334 steps have finished
1335 steps have finished
1336 steps have finished
1337 steps have finished
1338 steps have finished
1339 steps have finished
1340 steps have finished
1341 steps have finished
1342 steps have finished
1343 steps have finished
1344 steps have finished
1345 steps have finished
1346 steps have finished
1347 steps have finished
1348 steps have finished
1349 steps have finished
1350 steps have finished
1351 steps have finished
1352 steps have finished
1353 steps have finished
1354 steps have finished
1355 steps have finished
1356 steps have finished
1357 steps have finished
1358 steps have finished
1359 steps have finished
1360 steps have finished
1361 steps have finished
1362 steps have finished
1363 steps have finished
1364 steps have finished
1365 steps have finished
1366 steps have finished
1367 steps have finished
1368 steps have finished
1369 steps have finished
1370 steps have finished
1371 steps have finished
1372 steps have finished
1373 steps have finished
1374 steps have finished
1375 steps have finished
1376 steps have finished
1377 steps have finished
1378 steps have finished
1379 steps have finished
1380 steps have finished
1381 steps have finished
1382 steps have finished
1383 steps have finished
1384 steps have finished
1385 steps have finished
1386 steps have finished
1387 steps have finished
1388 steps have finished
1389 steps have finished
1390 steps have finished
1391 steps have finished
1392 steps have finished
1393 steps have finished
1394 steps have finished
1395 steps have finished
1396 steps have finished
1397 steps have finished
1398 steps have finished
1399 steps have finished
1400 steps have finished
1401 steps have finished
1402 steps have finished
1403 steps have finished
1404 steps have finished
1405 steps have finished
1406 steps have finished
1407 steps have finished
1408 steps have finished
1409 steps have finished
1410 steps have finished
1411 steps have finished
1412 steps have finished
1413 steps have finished
1414 steps have finished
1415 steps have finished
1416 steps have finished
1417 steps have finished
1418 steps have finished
1419 steps have finished
1420 steps have finished
1421 steps have finished
1422 steps have finished
1423 steps have finished
1424 steps have finished
1425 steps have finished
1426 steps have finished
1427 steps have finished
1428 steps have finished
1429 steps have finished
1430 steps have finished
1431 steps have finished
1432 steps have finished
1433 steps have finished
1434 steps have finished
1435 steps have finished
1436 steps have finished
1437 steps have finished
1438 steps have finished
1439 steps have finished
1440 steps have finished
1441 steps have finished
1442 steps have finished
1443 steps have finished
1444 steps have finished
1445 steps have finished
1446 steps have finished
1447 steps have finished
1448 steps have finished
1449 steps have finished
1450 steps have finished
1451 steps have finished
1452 steps have finished
1453 steps have finished
1454 steps have finished
1455 steps have finished
1456 steps have finished
1457 steps have finished
1458 steps have finished
1459 steps have finished
1460 steps have finished
1461 steps have finished
1462 steps have finished
1463 steps have finished
1464 steps have finished
1465 steps have finished
1466 steps have finished
1467 steps have finished
1468 steps have finished
1469 steps have finished
1470 steps have finished
1471 steps have finished
1472 steps have finished
1473 steps have finished
1474 steps have finished
1475 steps have finished
1476 steps have finished
1477 steps have finished
1478 steps have finished
1479 steps have finished
1480 steps have finished
1481 steps have finished
1482 steps have finished
1483 steps have finished
1484 steps have finished
1485 steps have finished
1486 steps have finished
1487 steps have finished
1488 steps have finished
1489 steps have finished
1490 steps have finished
1491 steps have finished
1492 steps have finished
1493 steps have finished
1494 steps have finished
1495 steps have finished
1496 steps have finished
1497 steps have finished
1498 steps have finished
1499 steps have finished
1500 steps have finished
1501 steps have finished
1502 steps have finished
1503 steps have finished
1504 steps have finished
1505 steps have finished
1506 steps have finished
1507 steps have finished
1508 steps have finished
1509 steps have finished
1510 steps have finished
1511 steps have finished
1512 steps have finished
1513 steps have finished
1514 steps have finished
1515 steps have finished
1516 steps have finished
1517 steps have finished
1518 steps have finished
1519 steps have finished
1520 steps have finished
1521 steps have finished
1522 steps have finished
1523 steps have finished
1524 steps have finished
1525 steps have finished
1526 steps have finished
1527 steps have finished
1528 steps have finished
1529 steps have finished
1530 steps have finished
1531 steps have finished
1532 steps have finished
1533 steps have finished
1534 steps have finished
1535 steps have finished
1536 steps have finished
1537 steps have finished
1538 steps have finished
1539 steps have finished
1540 steps have finished
1541 steps have finished
1542 steps have finished
1543 steps have finished
1544 steps have finished
1545 steps have finished
1546 steps have finished
1547 steps have finished
1548 steps have finished
1549 steps have finished
1550 steps have finished
1551 steps have finished
1552 steps have finished
1553 steps have finished
1554 steps have finished
1555 steps have finished
1556 steps have finished
1557 steps have finished
1558 steps have finished
1559 steps have finished
1560 steps have finished
1561 steps have finished
1562 steps have finished
1563 steps have finished
1564 steps have finished
1565 steps have finished
1566 steps have finished
1567 steps have finished
1568 steps have finished
1569 steps have finished
1570 steps have finished
1571 steps have finished
1572 steps have finished
1573 steps have finished
1574 steps have finished
1575 steps have finished
1576 steps have finished
1577 steps have finished
1578 steps have finished
1579 steps have finished
1580 steps have finished
1581 steps have finished
1582 steps have finished
1583 steps have finished
1584 steps have finished
1585 steps have finished
1586 steps have finished
1587 steps have finished
1588 steps have finished
1589 steps have finished
1590 steps have finished
1591 steps have finished
1592 steps have finished
1593 steps have finished
1594 steps have finished
1595 steps have finished
1596 steps have finished
1597 steps have finished
1598 steps have finished
1599 steps have finished
1600 steps have finished
1601 steps have finished
1602 steps have finished
1603 steps have finished
1604 steps have finished
1605 steps have finished
1606 steps have finished
1607 steps have finished
1608 steps have finished
1609 steps have finished
1610 steps have finished
1611 steps have finished
1612 steps have finished
1613 steps have finished
1614 steps have finished
1615 steps have finished
1616 steps have finished
1617 steps have finished
1618 steps have finished
1619 steps have finished
1620 steps have finished
1621 steps have finished
1622 steps have finished
1623 steps have finished
1624 steps have finished
1625 steps have finished
1626 steps have finished
1627 steps have finished
1628 steps have finished
1629 steps have finished
1630 steps have finished
1631 steps have finished
1632 steps have finished
1633 steps have finished
1634 steps have finished
1635 steps have finished
1636 steps have finished
1637 steps have finished
1638 steps have finished
1639 steps have finished
1640 steps have finished
1641 steps have finished
1642 steps have finished
1643 steps have finished
1644 steps have finished
1645 steps have finished
1646 steps have finished
1647 steps have finished
1648 steps have finished
1649 steps have finished
1650 steps have finished
1651 steps have finished
1652 steps have finished
1653 steps have finished
1654 steps have finished
1655 steps have finished
1656 steps have finished
1657 steps have finished
1658 steps have finished
1659 steps have finished
1660 steps have finished
1661 steps have finished
1662 steps have finished
1663 steps have finished
1664 steps have finished
1665 steps have finished
1666 steps have finished
1667 steps have finished
1668 steps have finished
1669 steps have finished
1670 steps have finished
1671 steps have finished
1672 steps have finished
1673 steps have finished
1674 steps have finished
1675 steps have finished
1676 steps have finished
1677 steps have finished
1678 steps have finished
1679 steps have finished
1680 steps have finished
1681 steps have finished
1682 steps have finished
1683 steps have finished
1684 steps have finished
1685 steps have finished
1686 steps have finished
1687 steps have finished
1688 steps have finished
1689 steps have finished
1690 steps have finished
1691 steps have finished
1692 steps have finished
1693 steps have finished
1694 steps have finished
1695 steps have finished
1696 steps have finished
1697 steps have finished
1698 steps have finished
1699 steps have finished
1700 steps have finished
1701 steps have finished
1702 steps have finished
1703 steps have finished
1704 steps have finished
1705 steps have finished
1706 steps have finished
1707 steps have finished
1708 steps have finished
1709 steps have finished
1710 steps have finished
1711 steps have finished
1712 steps have finished
1713 steps have finished
1714 steps have finished
1715 steps have finished
1716 steps have finished
1717 steps have finished
1718 steps have finished
1719 steps have finished
1720 steps have finished
1721 steps have finished
1722 steps have finished
1723 steps have finished
1724 steps have finished
1725 steps have finished
1726 steps have finished
1727 steps have finished
1728 steps have finished
1729 steps have finished
1730 steps have finished
1731 steps have finished
1732 steps have finished
1733 steps have finished
1734 steps have finished
1735 steps have finished
1736 steps have finished
1737 steps have finished
1738 steps have finished
1739 steps have finished
1740 steps have finished
1741 steps have finished
1742 steps have finished
1743 steps have finished
1744 steps have finished
1745 steps have finished
1746 steps have finished
1747 steps have finished
1748 steps have finished
1749 steps have finished
1750 steps have finished
1751 steps have finished
1752 steps have finished
1753 steps have finished
1754 steps have finished
1755 steps have finished
1756 steps have finished
1757 steps have finished
1758 steps have finished
1759 steps have finished
1760 steps have finished
1761 steps have finished
1762 steps have finished
1763 steps have finished
1764 steps have finished
1765 steps have finished
1766 steps have finished
1767 steps have finished
1768 steps have finished
1769 steps have finished
1770 steps have finished
1771 steps have finished
1772 steps have finished
1773 steps have finished
1774 steps have finished
1775 steps have finished
1776 steps have finished
1777 steps have finished
1778 steps have finished
1779 steps have finished
1780 steps have finished
1781 steps have finished
1782 steps have finished
1783 steps have finished
1784 steps have finished
1785 steps have finished
1786 steps have finished
1787 steps have finished
1788 steps have finished
1789 steps have finished
1790 steps have finished
1791 steps have finished
1792 steps have finished
1793 steps have finished
1794 steps have finished
1795 steps have finished
1796 steps have finished
1797 steps have finished
1798 steps have finished
1799 steps have finished
1800 steps have finished
1801 steps have finished
1802 steps have finished
1803 steps have finished
1804 steps have finished
1805 steps have finished
1806 steps have finished
1807 steps have finished
1808 steps have finished
1809 steps have finished
1810 steps have finished
1811 steps have finished
1812 steps have finished
1813 steps have finished
1814 steps have finished
1815 steps have finished
1816 steps have finished
1817 steps have finished
1818 steps have finished
1819 steps have finished
1820 steps have finished
1821 steps have finished
1822 steps have finished
1823 steps have finished
1824 steps have finished
1825 steps have finished
1826 steps have finished
1827 steps have finished
1828 steps have finished
1829 steps have finished
1830 steps have finished
1831 steps have finished
1832 steps have finished
1833 steps have finished
1834 steps have finished
1835 steps have finished
1836 steps have finished
1837 steps have finished
1838 steps have finished
1839 steps have finished
1840 steps have finished
1841 steps have finished
1842 steps have finished
1843 steps have finished
1844 steps have finished
1845 steps have finished
1846 steps have finished
1847 steps have finished
1848 steps have finished
1849 steps have finished
1850 steps have finished
1851 steps have finished
1852 steps have finished
1853 steps have finished
1854 steps have finished
1855 steps have finished
1856 steps have finished
1857 steps have finished
1858 steps have finished
1859 steps have finished
1860 steps have finished
1861 steps have finished
1862 steps have finished
1863 steps have finished
1864 steps have finished
1865 steps have finished
1866 steps have finished
1867 steps have finished
1868 steps have finished
1869 steps have finished
1870 steps have finished
1871 steps have finished
1872 steps have finished
1873 steps have finished
1874 steps have finished
1875 steps have finished
1876 steps have finished
1877 steps have finished
1878 steps have finished
1879 steps have finished
1880 steps have finished
1881 steps have finished
1882 steps have finished
1883 steps have finished
1884 steps have finished
1885 steps have finished
1886 steps have finished
1887 steps have finished
1888 steps have finished
1889 steps have finished
1890 steps have finished
1891 steps have finished
1892 steps have finished
1893 steps have finished
1894 steps have finished
1895 steps have finished
1896 steps have finished
1897 steps have finished
1898 steps have finished
1899 steps have finished
1900 steps have finished
1901 steps have finished
1902 steps have finished
1903 steps have finished
1904 steps have finished
1905 steps have finished
1906 steps have finished
1907 steps have finished
1908 steps have finished
1909 steps have finished
1910 steps have finished
1911 steps have finished
1912 steps have finished
1913 steps have finished
1914 steps have finished
1915 steps have finished
1916 steps have finished
1917 steps have finished
1918 steps have finished
1919 steps have finished
1920 steps have finished
1921 steps have finished
1922 steps have finished
1923 steps have finished
1924 steps have finished
1925 steps have finished
1926 steps have finished
1927 steps have finished
1928 steps have finished
1929 steps have finished
1930 steps have finished
1931 steps have finished
1932 steps have finished
1933 steps have finished
1934 steps have finished
1935 steps have finished
1936 steps have finished
1937 steps have finished
1938 steps have finished
1939 steps have finished
1940 steps have finished
1941 steps have finished
1942 steps have finished
1943 steps have finished
1944 steps have finished
1945 steps have finished
1946 steps have finished
1947 steps have finished
1948 steps have finished
1949 steps have finished
1950 steps have finished
1951 steps have finished
1952 steps have finished
1953 steps have finished
1954 steps have finished
1955 steps have finished
1956 steps have finished
1957 steps have finished
1958 steps have finished
1959 steps have finished
1960 steps have finished
1961 steps have finished
1962 steps have finished
1963 steps have finished
1964 steps have finished
1965 steps have finished
1966 steps have finished
1967 steps have finished
1968 steps have finished
1969 steps have finished
1970 steps have finished
1971 steps have finished
1972 steps have finished
1973 steps have finished
1974 steps have finished
1975 steps have finished
1976 steps have finished
1977 steps have finished
1978 steps have finished
1979 steps have finished
1980 steps have finished
1981 steps have finished
1982 steps have finished
1983 steps have finished
1984 steps have finished
1985 steps have finished
1986 steps have finished
1987 steps have finished
1988 steps have finished
1989 steps have finished
1990 steps have finished
1991 steps have finished
1992 steps have finished
1993 steps have finished
1994 steps have finished
1995 steps have finished
1996 steps have finished
1997 steps have finished
1998 steps have finished
1999 steps have finished
2000 steps have finished
2001 steps have finished
2002 steps have finished
2003 steps have finished
2004 steps have finished
2005 steps have finished
2006 steps have finished
2007 steps have finished
2008 steps have finished
2009 steps have finished
2010 steps have finished
2011 steps have finished
2012 steps have finished
2013 steps have finished
2014 steps have finished
2015 steps have finished
2016 steps have finished
2017 steps have finished
2018 steps have finished
2019 steps have finished
2020 steps have finished
2021 steps have finished
2022 steps have finished
2023 steps have finished
2024 steps have finished
2025 steps have finished
2026 steps have finished
2027 steps have finished
2028 steps have finished
2029 steps have finished
2030 steps have finished
2031 steps have finished
2032 steps have finished
2033 steps have finished
2034 steps have finished
2035 steps have finished
2036 steps have finished
2037 steps have finished
2038 steps have finished
2039 steps have finished
2040 steps have finished
2041 steps have finished
2042 steps have finished
2043 steps have finished
2044 steps have finished
2045 steps have finished
2046 steps have finished
2047 steps have finished
2048 steps have finished
2049 steps have finished
2050 steps have finished
2051 steps have finished
2052 steps have finished
2053 steps have finished
2054 steps have finished
2055 steps have finished
2056 steps have finished
2057 steps have finished
2058 steps have finished
2059 steps have finished
2060 steps have finished
2061 steps have finished
2062 steps have finished
2063 steps have finished
2064 steps have finished
2065 steps have finished
2066 steps have finished
2067 steps have finished
2068 steps have finished
2069 steps have finished
2070 steps have finished
2071 steps have finished
2072 steps have finished
2073 steps have finished
2074 steps have finished
2075 steps have finished
2076 steps have finished
2077 steps have finished
2078 steps have finished
2079 steps have finished
2080 steps have finished
2081 steps have finished
2082 steps have finished
2083 steps have finished
2084 steps have finished
2085 steps have finished
2086 steps have finished
2087 steps have finished
2088 steps have finished
2089 steps have finished
2090 steps have finished
2091 steps have finished
2092 steps have finished
2093 steps have finished
2094 steps have finished
2095 steps have finished
2096 steps have finished
2097 steps have finished
2098 steps have finished
2099 steps have finished
2100 steps have finished
2101 steps have finished
2102 steps have finished
2103 steps have finished
2104 steps have finished
2105 steps have finished
2106 steps have finished
2107 steps have finished
2108 steps have finished
2109 steps have finished
2110 steps have finished
2111 steps have finished
2112 steps have finished
2113 steps have finished
2114 steps have finished
2115 steps have finished
2116 steps have finished
2117 steps have finished
2118 steps have finished
2119 steps have finished
2120 steps have finished
2121 steps have finished
2122 steps have finished
2123 steps have finished
2124 steps have finished
2125 steps have finished
2126 steps have finished
2127 steps have finished
2128 steps have finished
2129 steps have finished
2130 steps have finished
2131 steps have finished
2132 steps have finished
2133 steps have finished
2134 steps have finished
2135 steps have finished
2136 steps have finished
2137 steps have finished
2138 steps have finished
2139 steps have finished
2140 steps have finished
2141 steps have finished
2142 steps have finished
2143 steps have finished
2144 steps have finished
2145 steps have finished
2146 steps have finished
2147 steps have finished
2148 steps have finished
2149 steps have finished
2150 steps have finished
2151 steps have finished
2152 steps have finished
2153 steps have finished
2154 steps have finished
2155 steps have finished
2156 steps have finished
2157 steps have finished
2158 steps have finished
2159 steps have finished
2160 steps have finished
2161 steps have finished
2162 steps have finished
2163 steps have finished
2164 steps have finished
2165 steps have finished
2166 steps have finished
2167 steps have finished
2168 steps have finished
2169 steps have finished
2170 steps have finished
2171 steps have finished
2172 steps have finished
2173 steps have finished
2174 steps have finished
2175 steps have finished
2176 steps have finished
2177 steps have finished
2178 steps have finished
2179 steps have finished
2180 steps have finished
2181 steps have finished
2182 steps have finished
2183 steps have finished
2184 steps have finished
2185 steps have finished
2186 steps have finished
2187 steps have finished
2188 steps have finished
2189 steps have finished
2190 steps have finished
2191 steps have finished
2192 steps have finished
2193 steps have finished
2194 steps have finished
2195 steps have finished
2196 steps have finished
2197 steps have finished
2198 steps have finished
2199 steps have finished
2200 steps have finished
2201 steps have finished
2202 steps have finished
2203 steps have finished
2204 steps have finished
2205 steps have finished
2206 steps have finished
2207 steps have finished
2208 steps have finished
2209 steps have finished
2210 steps have finished
2211 steps have finished
2212 steps have finished
2213 steps have finished
2214 steps have finished
2215 steps have finished
2216 steps have finished
2217 steps have finished
2218 steps have finished
2219 steps have finished
2220 steps have finished
2221 steps have finished
2222 steps have finished
2223 steps have finished
2224 steps have finished
2225 steps have finished
2226 steps have finished
2227 steps have finished
2228 steps have finished
2229 steps have finished
2230 steps have finished
2231 steps have finished
2232 steps have finished
2233 steps have finished
2234 steps have finished
2235 steps have finished
2236 steps have finished
2237 steps have finished
2238 steps have finished
2239 steps have finished
2240 steps have finished
2241 steps have finished
2242 steps have finished
2243 steps have finished
2244 steps have finished
2245 steps have finished
2246 steps have finished
2247 steps have finished
2248 steps have finished
2249 steps have finished
2250 steps have finished
2251 steps have finished
2252 steps have finished
2253 steps have finished
2254 steps have finished
2255 steps have finished
2256 steps have finished
2257 steps have finished
2258 steps have finished
2259 steps have finished
2260 steps have finished
2261 steps have finished
2262 steps have finished
2263 steps have finished
2264 steps have finished
2265 steps have finished
2266 steps have finished
2267 steps have finished
2268 steps have finished
2269 steps have finished
2270 steps have finished
2271 steps have finished
2272 steps have finished
2273 steps have finished
2274 steps have finished
2275 steps have finished
2276 steps have finished
2277 steps have finished
2278 steps have finished
2279 steps have finished
2280 steps have finished
2281 steps have finished
2282 steps have finished
2283 steps have finished
2284 steps have finished
2285 steps have finished
2286 steps have finished
2287 steps have finished
2288 steps have finished
2289 steps have finished
2290 steps have finished
2291 steps have finished
2292 steps have finished
2293 steps have finished
2294 steps have finished
2295 steps have finished
2296 steps have finished
2297 steps have finished
2298 steps have finished
2299 steps have finished
2300 steps have finished
2301 steps have finished
2302 steps have finished
2303 steps have finished
2304 steps have finished
2305 steps have finished
2306 steps have finished
2307 steps have finished
2308 steps have finished
2309 steps have finished
2310 steps have finished
2311 steps have finished
2312 steps have finished
2313 steps have finished
2314 steps have finished
2315 steps have finished
2316 steps have finished
2317 steps have finished
2318 steps have finished
2319 steps have finished
2320 steps have finished
2321 steps have finished
2322 steps have finished
2323 steps have finished
2324 steps have finished
2325 steps have finished
2326 steps have finished
2327 steps have finished
2328 steps have finished
2329 steps have finished
2330 steps have finished
2331 steps have finished
2332 steps have finished
2333 steps have finished
2334 steps have finished
2335 steps have finished
2336 steps have finished
2337 steps have finished
2338 steps have finished
2339 steps have finished
2340 steps have finished
2341 steps have finished
2342 steps have finished
2343 steps have finished
2344 steps have finished
2345 steps have finished
2346 steps have finished
2347 steps have finished
2348 steps have finished
2349 steps have finished
2350 steps have finished
2351 steps have finished
2352 steps have finished
2353 steps have finished
2354 steps have finished
2355 steps have finished
2356 steps have finished
2357 steps have finished
2358 steps have finished
2359 steps have finished
2360 steps have finished
2361 steps have finished
2362 steps have finished
2363 steps have finished
2364 steps have finished
2365 steps have finished
2366 steps have finished
2367 steps have finished
2368 steps have finished
2369 steps have finished
2370 steps have finished
2371 steps have finished
2372 steps have finished
2373 steps have finished
2374 steps have finished
2375 steps have finished
2376 steps have finished
2377 steps have finished
2378 steps have finished
2379 steps have finished
2380 steps have finished
2381 steps have finished
2382 steps have finished
2383 steps have finished
2384 steps have finished
2385 steps have finished
2386 steps have finished
2387 steps have finished
2388 steps have finished
2389 steps have finished
2390 steps have finished
2391 steps have finished
2392 steps have finished
2393 steps have finished
2394 steps have finished
2395 steps have finished
2396 steps have finished
2397 steps have finished
2398 steps have finished
2399 steps have finished
2400 steps have finished
2401 steps have finished
2402 steps have finished
2403 steps have finished
2404 steps have finished
2405 steps have finished
2406 steps have finished
2407 steps have finished
2408 steps have finished
2409 steps have finished
2410 steps have finished
2411 steps have finished
2412 steps have finished
2413 steps have finished
2414 steps have finished
2415 steps have finished
2416 steps have finished
2417 steps have finished
2418 steps have finished
2419 steps have finished
2420 steps have finished
2421 steps have finished
2422 steps have finished
2423 steps have finished
2424 steps have finished
2425 steps have finished
2426 steps have finished
2427 steps have finished
2428 steps have finished
2429 steps have finished
2430 steps have finished
2431 steps have finished
2432 steps have finished
2433 steps have finished
2434 steps have finished
2435 steps have finished
2436 steps have finished
2437 steps have finished
2438 steps have finished
2439 steps have finished
2440 steps have finished
2441 steps have finished
2442 steps have finished
2443 steps have finished
2444 steps have finished
2445 steps have finished
2446 steps have finished
2447 steps have finished
2448 steps have finished
2449 steps have finished
2450 steps have finished
2451 steps have finished
2452 steps have finished
2453 steps have finished
2454 steps have finished
2455 steps have finished
2456 steps have finished
2457 steps have finished
2458 steps have finished
2459 steps have finished
2460 steps have finished
2461 steps have finished
2462 steps have finished
2463 steps have finished
2464 steps have finished
2465 steps have finished
2466 steps have finished
2467 steps have finished
2468 steps have finished
2469 steps have finished
2470 steps have finished
2471 steps have finished
2472 steps have finished
2473 steps have finished
2474 steps have finished
2475 steps have finished
2476 steps have finished
2477 steps have finished
2478 steps have finished
2479 steps have finished
2480 steps have finished
2481 steps have finished
2482 steps have finished
2483 steps have finished
2484 steps have finished
2485 steps have finished
2486 steps have finished
2487 steps have finished
2488 steps have finished
2489 steps have finished
2490 steps have finished
2491 steps have finished
2492 steps have finished
2493 steps have finished
2494 steps have finished
2495 steps have finished
2496 steps have finished
2497 steps have finished
2498 steps have finished
2499 steps have finished
2500 steps have finished
2501 steps have finished
2502 steps have finished
2503 steps have finished
2504 steps have finished
2505 steps have finished
2506 steps have finished
2507 steps have finished
2508 steps have finished
2509 steps have finished
2510 steps have finished
2511 steps have finished
2512 steps have finished
2513 steps have finished
2514 steps have finished
2515 steps have finished
2516 steps have finished
2517 steps have finished
2518 steps have finished
2519 steps have finished
2520 steps have finished
2521 steps have finished
2522 steps have finished
2523 steps have finished
2524 steps have finished
2525 steps have finished
2526 steps have finished
2527 steps have finished
2528 steps have finished
2529 steps have finished
2530 steps have finished
2531 steps have finished
2532 steps have finished
2533 steps have finished
2534 steps have finished
2535 steps have finished
2536 steps have finished
2537 steps have finished
2538 steps have finished
2539 steps have finished
2540 steps have finished
2541 steps have finished
2542 steps have finished
2543 steps have finished
2544 steps have finished
2545 steps have finished
2546 steps have finished
2547 steps have finished
2548 steps have finished
2549 steps have finished
2550 steps have finished
2551 steps have finished
2552 steps have finished
2553 steps have finished
2554 steps have finished
2555 steps have finished
2556 steps have finished
2557 steps have finished
2558 steps have finished
2559 steps have finished
2560 steps have finished
2561 steps have finished
2562 steps have finished
2563 steps have finished
2564 steps have finished
2565 steps have finished
2566 steps have finished
2567 steps have finished
2568 steps have finished
2569 steps have finished
2570 steps have finished
2571 steps have finished
2572 steps have finished
2573 steps have finished
2574 steps have finished
2575 steps have finished
2576 steps have finished
2577 steps have finished
2578 steps have finished
2579 steps have finished
2580 steps have finished
2581 steps have finished
2582 steps have finished
2583 steps have finished
2584 steps have finished
2585 steps have finished
2586 steps have finished
2587 steps have finished
2588 steps have finished
2589 steps have finished
2590 steps have finished
2591 steps have finished
2592 steps have finished
2593 steps have finished
2594 steps have finished
2595 steps have finished
2596 steps have finished
2597 steps have finished
2598 steps have finished
2599 steps have finished
2600 steps have finished
2601 steps have finished
2602 steps have finished
2603 steps have finished
2604 steps have finished
2605 steps have finished
2606 steps have finished
2607 steps have finished
2608 steps have finished
2609 steps have finished
2610 steps have finished
2611 steps have finished
2612 steps have finished
2613 steps have finished
2614 steps have finished
2615 steps have finished
2616 steps have finished
2617 steps have finished
2618 steps have finished
2619 steps have finished
2620 steps have finished
2621 steps have finished
2622 steps have finished
2623 steps have finished
2624 steps have finished
2625 steps have finished
2626 steps have finished
2627 steps have finished
2628 steps have finished
2629 steps have finished
2630 steps have finished
2631 steps have finished
2632 steps have finished
2633 steps have finished
2634 steps have finished
2635 steps have finished
2636 steps have finished
2637 steps have finished
2638 steps have finished
2639 steps have finished
2640 steps have finished
2641 steps have finished
2642 steps have finished
2643 steps have finished
2644 steps have finished
2645 steps have finished
2646 steps have finished
2647 steps have finished
2648 steps have finished
2649 steps have finished
2650 steps have finished
2651 steps have finished
2652 steps have finished
2653 steps have finished
2654 steps have finished
2655 steps have finished
2656 steps have finished
2657 steps have finished
2658 steps have finished
2659 steps have finished
2660 steps have finished
2661 steps have finished
2662 steps have finished
2663 steps have finished
2664 steps have finished
2665 steps have finished
2666 steps have finished
2667 steps have finished
2668 steps have finished
2669 steps have finished
2670 steps have finished
2671 steps have finished
2672 steps have finished
2673 steps have finished
2674 steps have finished
2675 steps have finished
2676 steps have finished
2677 steps have finished
2678 steps have finished
2679 steps have finished
2680 steps have finished
2681 steps have finished
2682 steps have finished
2683 steps have finished
2684 steps have finished
2685 steps have finished
2686 steps have finished
2687 steps have finished
2688 steps have finished
2689 steps have finished
2690 steps have finished
2691 steps have finished
2692 steps have finished
2693 steps have finished
2694 steps have finished
2695 steps have finished
2696 steps have finished
2697 steps have finished
2698 steps have finished
2699 steps have finished
2700 steps have finished
2701 steps have finished
2702 steps have finished
2703 steps have finished
2704 steps have finished
2705 steps have finished
2706 steps have finished
2707 steps have finished
2708 steps have finished
2709 steps have finished
2710 steps have finished
2711 steps have finished
2712 steps have finished
2713 steps have finished
2714 steps have finished
2715 steps have finished
2716 steps have finished
2717 steps have finished
2718 steps have finished
2719 steps have finished
2720 steps have finished
2721 steps have finished
2722 steps have finished
2723 steps have finished
2724 steps have finished
2725 steps have finished
2726 steps have finished
2727 steps have finished
2728 steps have finished
2729 steps have finished
2730 steps have finished
2731 steps have finished
2732 steps have finished
2733 steps have finished
2734 steps have finished
2735 steps have finished
2736 steps have finished
2737 steps have finished
2738 steps have finished
2739 steps have finished
2740 steps have finished
2741 steps have finished
2742 steps have finished
2743 steps have finished
2744 steps have finished
2745 steps have finished
2746 steps have finished
2747 steps have finished
2748 steps have finished
2749 steps have finished
2750 steps have finished
2751 steps have finished
2752 steps have finished
2753 steps have finished
2754 steps have finished
2755 steps have finished
2756 steps have finished
2757 steps have finished
2758 steps have finished
2759 steps have finished
2760 steps have finished
2761 steps have finished
2762 steps have finished
2763 steps have finished
2764 steps have finished
2765 steps have finished
2766 steps have finished
2767 steps have finished
2768 steps have finished
2769 steps have finished
2770 steps have finished
2771 steps have finished
2772 steps have finished
2773 steps have finished
2774 steps have finished
2775 steps have finished
2776 steps have finished
2777 steps have finished
2778 steps have finished
2779 steps have finished
2780 steps have finished
2781 steps have finished
2782 steps have finished
2783 steps have finished
2784 steps have finished
2785 steps have finished
2786 steps have finished
2787 steps have finished
2788 steps have finished
2789 steps have finished
2790 steps have finished
2791 steps have finished
2792 steps have finished
2793 steps have finished
2794 steps have finished
2795 steps have finished
2796 steps have finished
2797 steps have finished
2798 steps have finished
2799 steps have finished
2800 steps have finished
2801 steps have finished
2802 steps have finished
2803 steps have finished
2804 steps have finished
2805 steps have finished
2806 steps have finished
2807 steps have finished
2808 steps have finished
2809 steps have finished
2810 steps have finished
2811 steps have finished
2812 steps have finished
2813 steps have finished
2814 steps have finished
2815 steps have finished
2816 steps have finished
2817 steps have finished
2818 steps have finished
2819 steps have finished
2820 steps have finished
2821 steps have finished
2822 steps have finished
2823 steps have finished
2824 steps have finished
2825 steps have finished
2826 steps have finished
2827 steps have finished
2828 steps have finished
2829 steps have finished
2830 steps have finished
2831 steps have finished
2832 steps have finished
2833 steps have finished
2834 steps have finished
2835 steps have finished
2836 steps have finished
2837 steps have finished
2838 steps have finished
2839 steps have finished
2840 steps have finished
2841 steps have finished
2842 steps have finished
2843 steps have finished
2844 steps have finished
2845 steps have finished
2846 steps have finished
2847 steps have finished
2848 steps have finished
2849 steps have finished
2850 steps have finished
2851 steps have finished
2852 steps have finished
2853 steps have finished
2854 steps have finished
2855 steps have finished
2856 steps have finished
2857 steps have finished
2858 steps have finished
2859 steps have finished
2860 steps have finished
2861 steps have finished
2862 steps have finished
2863 steps have finished
2864 steps have finished
2865 steps have finished
2866 steps have finished
2867 steps have finished
2868 steps have finished
2869 steps have finished
2870 steps have finished
2871 steps have finished
2872 steps have finished
2873 steps have finished
2874 steps have finished
2875 steps have finished
2876 steps have finished
2877 steps have finished
2878 steps have finished
2879 steps have finished
2880 steps have finished
2881 steps have finished
2882 steps have finished
2883 steps have finished
2884 steps have finished
2885 steps have finished
2886 steps have finished
2887 steps have finished
2888 steps have finished
2889 steps have finished
2890 steps have finished
2891 steps have finished
2892 steps have finished
2893 steps have finished
2894 steps have finished
2895 steps have finished
2896 steps have finished
2897 steps have finished
2898 steps have finished
2899 steps have finished
2900 steps have finished
2901 steps have finished
2902 steps have finished
2903 steps have finished
2904 steps have finished
2905 steps have finished
2906 steps have finished
2907 steps have finished
2908 steps have finished
2909 steps have finished
2910 steps have finished
2911 steps have finished
2912 steps have finished
2913 steps have finished
2914 steps have finished
2915 steps have finished
2916 steps have finished
2917 steps have finished
2918 steps have finished
2919 steps have finished
2920 steps have finished
2921 steps have finished
2922 steps have finished
2923 steps have finished
2924 steps have finished
2925 steps have finished
2926 steps have finished
2927 steps have finished
2928 steps have finished
2929 steps have finished
2930 steps have finished
2931 steps have finished
2932 steps have finished
2933 steps have finished
2934 steps have finished
2935 steps have finished
2936 steps have finished
2937 steps have finished
2938 steps have finished
2939 steps have finished
2940 steps have finished
2941 steps have finished
2942 steps have finished
2943 steps have finished
2944 steps have finished
2945 steps have finished
2946 steps have finished
2947 steps have finished
2948 steps have finished
2949 steps have finished
2950 steps have finished
2951 steps have finished
2952 steps have finished
2953 steps have finished
2954 steps have finished
2955 steps have finished
2956 steps have finished
2957 steps have finished
2958 steps have finished
2959 steps have finished
2960 steps have finished
2961 steps have finished
2962 steps have finished
2963 steps have finished
2964 steps have finished
2965 steps have finished
2966 steps have finished
2967 steps have finished
2968 steps have finished
2969 steps have finished
2970 steps have finished
2971 steps have finished
2972 steps have finished
2973 steps have finished
2974 steps have finished
2975 steps have finished
2976 steps have finished
2977 steps have finished
2978 steps have finished
2979 steps have finished
2980 steps have finished
2981 steps have finished
2982 steps have finished
2983 steps have finished
2984 steps have finished
2985 steps have finished
2986 steps have finished
2987 steps have finished
2988 steps have finished
2989 steps have finished
2990 steps have finished
2991 steps have finished
2992 steps have finished
2993 steps have finished
2994 steps have finished
2995 steps have finished
2996 steps have finished
2997 steps have finished
2998 steps have finished
2999 steps have finished
3000 steps have finished
3001 steps have finished
3002 steps have finished
3003 steps have finished
3004 steps have finished
3005 steps have finished
3006 steps have finished
3007 steps have finished
3008 steps have finished
3009 steps have finished
3010 steps have finished
3011 steps have finished
3012 steps have finished
3013 steps have finished
3014 steps have finished
3015 steps have finished
3016 steps have finished
3017 steps have finished
3018 steps have finished
3019 steps have finished
3020 steps have finished
3021 steps have finished
3022 steps have finished
3023 steps have finished
3024 steps have finished
3025 steps have finished
3026 steps have finished
3027 steps have finished
3028 steps have finished
3029 steps have finished
3030 steps have finished
3031 steps have finished
3032 steps have finished
3033 steps have finished
3034 steps have finished
3035 steps have finished
3036 steps have finished
3037 steps have finished
3038 steps have finished
3039 steps have finished
3040 steps have finished
3041 steps have finished
3042 steps have finished
3043 steps have finished
3044 steps have finished
3045 steps have finished
3046 steps have finished
3047 steps have finished
3048 steps have finished
3049 steps have finished
3050 steps have finished
3051 steps have finished
3052 steps have finished
3053 steps have finished
3054 steps have finished
3055 steps have finished
3056 steps have finished
3057 steps have finished
3058 steps have finished
3059 steps have finished
3060 steps have finished
3061 steps have finished
3062 steps have finished
3063 steps have finished
3064 steps have finished
3065 steps have finished
3066 steps have finished
3067 steps have finished
3068 steps have finished
3069 steps have finished
3070 steps have finished
3071 steps have finished
3072 steps have finished
3073 steps have finished
3074 steps have finished
3075 steps have finished
3076 steps have finished
3077 steps have finished
3078 steps have finished
3079 steps have finished
3080 steps have finished
3081 steps have finished
3082 steps have finished
3083 steps have finished
3084 steps have finished
3085 steps have finished
3086 steps have finished
3087 steps have finished
3088 steps have finished
3089 steps have finished
3090 steps have finished
3091 steps have finished
3092 steps have finished
3093 steps have finished
3094 steps have finished
3095 steps have finished
3096 steps have finished
3097 steps have finished
3098 steps have finished
3099 steps have finished
3100 steps have finished
3101 steps have finished
3102 steps have finished
3103 steps have finished
3104 steps have finished
3105 steps have finished
3106 steps have finished
3107 steps have finished
3108 steps have finished
3109 steps have finished
3110 steps have finished
3111 steps have finished
3112 steps have finished
3113 steps have finished
3114 steps have finished
3115 steps have finished
3116 steps have finished
3117 steps have finished
3118 steps have finished
3119 steps have finished
3120 steps have finished
3121 steps have finished
3122 steps have finished
3123 steps have finished
3124 steps have finished
3125 steps have finished
3126 steps have finished
3127 steps have finished
3128 steps have finished
3129 steps have finished
3130 steps have finished
3131 steps have finished
3132 steps have finished
3133 steps have finished
3134 steps have finished
3135 steps have finished
3136 steps have finished
3137 steps have finished
3138 steps have finished
3139 steps have finished
3140 steps have finished
3141 steps have finished
3142 steps have finished
3143 steps have finished
3144 steps have finished
3145 steps have finished
3146 steps have finished
3147 steps have finished
3148 steps have finished
3149 steps have finished
3150 steps have finished
3151 steps have finished
3152 steps have finished
3153 steps have finished
3154 steps have finished
3155 steps have finished
3156 steps have finished
3157 steps have finished
3158 steps have finished
3159 steps have finished
3160 steps have finished
3161 steps have finished
3162 steps have finished
3163 steps have finished
3164 steps have finished
3165 steps have finished
3166 steps have finished
3167 steps have finished
3168 steps have finished
3169 steps have finished
3170 steps have finished
3171 steps have finished
3172 steps have finished
3173 steps have finished
3174 steps have finished
3175 steps have finished
3176 steps have finished
3177 steps have finished
3178 steps have finished
3179 steps have finished
3180 steps have finished
3181 steps have finished
3182 steps have finished
3183 steps have finished
3184 steps have finished
3185 steps have finished
3186 steps have finished
3187 steps have finished
3188 steps have finished
3189 steps have finished
3190 steps have finished
3191 steps have finished
3192 steps have finished
3193 steps have finished
3194 steps have finished
3195 steps have finished
3196 steps have finished
3197 steps have finished
3198 steps have finished
3199 steps have finished
3200 steps have finished
3201 steps have finished
3202 steps have finished
3203 steps have finished
3204 steps have finished
3205 steps have finished
3206 steps have finished
3207 steps have finished
3208 steps have finished
3209 steps have finished
3210 steps have finished
3211 steps have finished
3212 steps have finished
3213 steps have finished
3214 steps have finished
3215 steps have finished
3216 steps have finished
3217 steps have finished
3218 steps have finished
3219 steps have finished
3220 steps have finished
3221 steps have finished
3222 steps have finished
3223 steps have finished
3224 steps have finished
3225 steps have finished
3226 steps have finished
3227 steps have finished
3228 steps have finished
3229 steps have finished
3230 steps have finished
3231 steps have finished
3232 steps have finished
3233 steps have finished
3234 steps have finished
3235 steps have finished
3236 steps have finished
3237 steps have finished
3238 steps have finished
3239 steps have finished
3240 steps have finished
3241 steps have finished
3242 steps have finished
3243 steps have finished
3244 steps have finished
3245 steps have finished
3246 steps have finished
3247 steps have finished
3248 steps have finished
3249 steps have finished
3250 steps have finished
3251 steps have finished
3252 steps have finished
3253 steps have finished
3254 steps have finished
3255 steps have finished
3256 steps have finished
3257 steps have finished
3258 steps have finished
3259 steps have finished
3260 steps have finished
3261 steps have finished
3262 steps have finished
3263 steps have finished
3264 steps have finished
3265 steps have finished
3266 steps have finished
3267 steps have finished
3268 steps have finished
3269 steps have finished
3270 steps have finished
3271 steps have finished
3272 steps have finished
3273 steps have finished
3274 steps have finished
3275 steps have finished
3276 steps have finished
3277 steps have finished
3278 steps have finished
3279 steps have finished
3280 steps have finished
3281 steps have finished
3282 steps have finished
3283 steps have finished
3284 steps have finished
3285 steps have finished
3286 steps have finished
3287 steps have finished
3288 steps have finished
3289 steps have finished
3290 steps have finished
3291 steps have finished
3292 steps have finished
3293 steps have finished
3294 steps have finished
3295 steps have finished
3296 steps have finished
3297 steps have finished
3298 steps have finished
3299 steps have finished
3300 steps have finished
3301 steps have finished
3302 steps have finished
3303 steps have finished
3304 steps have finished
3305 steps have finished
3306 steps have finished
3307 steps have finished
3308 steps have finished
3309 steps have finished
3310 steps have finished
3311 steps have finished
3312 steps have finished
3313 steps have finished
3314 steps have finished
3315 steps have finished
3316 steps have finished
3317 steps have finished
3318 steps have finished
3319 steps have finished
3320 steps have finished
3321 steps have finished
3322 steps have finished
3323 steps have finished
3324 steps have finished
3325 steps have finished
3326 steps have finished
3327 steps have finished
3328 steps have finished
3329 steps have finished
3330 steps have finished
3331 steps have finished
3332 steps have finished
3333 steps have finished
3334 steps have finished
3335 steps have finished
3336 steps have finished
3337 steps have finished
3338 steps have finished
3339 steps have finished
3340 steps have finished
3341 steps have finished
3342 steps have finished
3343 steps have finished
3344 steps have finished
3345 steps have finished
3346 steps have finished
3347 steps have finished
3348 steps have finished
3349 steps have finished
3350 steps have finished
3351 steps have finished
3352 steps have finished
3353 steps have finished
3354 steps have finished
3355 steps have finished
3356 steps have finished
3357 steps have finished
3358 steps have finished
3359 steps have finished
3360 steps have finished
3361 steps have finished
3362 steps have finished
3363 steps have finished
3364 steps have finished
3365 steps have finished
3366 steps have finished
3367 steps have finished
3368 steps have finished
3369 steps have finished
3370 steps have finished
3371 steps have finished
3372 steps have finished
3373 steps have finished
3374 steps have finished
3375 steps have finished
3376 steps have finished
3377 steps have finished
3378 steps have finished
3379 steps have finished
3380 steps have finished
3381 steps have finished
3382 steps have finished
3383 steps have finished
3384 steps have finished
3385 steps have finished
3386 steps have finished
3387 steps have finished
3388 steps have finished
3389 steps have finished
3390 steps have finished
3391 steps have finished
3392 steps have finished
3393 steps have finished
3394 steps have finished
3395 steps have finished
3396 steps have finished
3397 steps have finished
3398 steps have finished
3399 steps have finished
3400 steps have finished
3401 steps have finished
3402 steps have finished
3403 steps have finished
3404 steps have finished
3405 steps have finished
3406 steps have finished
3407 steps have finished
3408 steps have finished
3409 steps have finished
3410 steps have finished
3411 steps have finished
3412 steps have finished
3413 steps have finished
3414 steps have finished
3415 steps have finished
3416 steps have finished
3417 steps have finished
3418 steps have finished
3419 steps have finished
3420 steps have finished
3421 steps have finished
3422 steps have finished
3423 steps have finished
3424 steps have finished
3425 steps have finished
3426 steps have finished
3427 steps have finished
3428 steps have finished
3429 steps have finished
3430 steps have finished
3431 steps have finished
3432 steps have finished
3433 steps have finished
3434 steps have finished
3435 steps have finished
3436 steps have finished
3437 steps have finished
3438 steps have finished
3439 steps have finished
3440 steps have finished
3441 steps have finished
3442 steps have finished
3443 steps have finished
3444 steps have finished
3445 steps have finished
3446 steps have finished
3447 steps have finished
3448 steps have finished
3449 steps have finished
3450 steps have finished
3451 steps have finished
3452 steps have finished
3453 steps have finished
3454 steps have finished
3455 steps have finished
3456 steps have finished
3457 steps have finished
3458 steps have finished
3459 steps have finished
3460 steps have finished
3461 steps have finished
3462 steps have finished
3463 steps have finished
3464 steps have finished
3465 steps have finished
3466 steps have finished
3467 steps have finished
3468 steps have finished
3469 steps have finished
3470 steps have finished
3471 steps have finished
3472 steps have finished
3473 steps have finished
3474 steps have finished
3475 steps have finished
3476 steps have finished
3477 steps have finished
3478 steps have finished
3479 steps have finished
3480 steps have finished
3481 steps have finished
3482 steps have finished
3483 steps have finished
3484 steps have finished
3485 steps have finished
3486 steps have finished
3487 steps have finished
3488 steps have finished
3489 steps have finished
3490 steps have finished
3491 steps have finished
3492 steps have finished
3493 steps have finished
3494 steps have finished
3495 steps have finished
3496 steps have finished
3497 steps have finished
3498 steps have finished
3499 steps have finished
3500 steps have finished
3501 steps have finished
3502 steps have finished
3503 steps have finished
3504 steps have finished
3505 steps have finished
3506 steps have finished
3507 steps have finished
3508 steps have finished
3509 steps have finished
3510 steps have finished
3511 steps have finished
3512 steps have finished
3513 steps have finished
3514 steps have finished
3515 steps have finished
3516 steps have finished
3517 steps have finished
3518 steps have finished
3519 steps have finished
3520 steps have finished
3521 steps have finished
3522 steps have finished
3523 steps have finished
3524 steps have finished
3525 steps have finished
3526 steps have finished
3527 steps have finished
3528 steps have finished
3529 steps have finished
3530 steps have finished
3531 steps have finished
3532 steps have finished
3533 steps have finished
3534 steps have finished
3535 steps have finished
3536 steps have finished
3537 steps have finished
3538 steps have finished
3539 steps have finished
3540 steps have finished
3541 steps have finished
3542 steps have finished
3543 steps have finished
3544 steps have finished
3545 steps have finished
3546 steps have finished
3547 steps have finished
3548 steps have finished
3549 steps have finished
3550 steps have finished
3551 steps have finished
3552 steps have finished
3553 steps have finished
3554 steps have finished
3555 steps have finished
3556 steps have finished
3557 steps have finished
3558 steps have finished
3559 steps have finished
3560 steps have finished
3561 steps have finished
3562 steps have finished
3563 steps have finished
3564 steps have finished
3565 steps have finished
3566 steps have finished
3567 steps have finished
3568 steps have finished
3569 steps have finished
3570 steps have finished
3571 steps have finished
3572 steps have finished
3573 steps have finished
3574 steps have finished
3575 steps have finished
3576 steps have finished
3577 steps have finished
3578 steps have finished
3579 steps have finished
3580 steps have finished
3581 steps have finished
3582 steps have finished
3583 steps have finished
3584 steps have finished
3585 steps have finished
3586 steps have finished
3587 steps have finished
3588 steps have finished
3589 steps have finished
3590 steps have finished
3591 steps have finished
3592 steps have finished
3593 steps have finished
3594 steps have finished
3595 steps have finished
3596 steps have finished
3597 steps have finished
3598 steps have finished
3599 steps have finished
3600 steps have finished
3601 steps have finished
3602 steps have finished
3603 steps have finished
3604 steps have finished
3605 steps have finished
3606 steps have finished
3607 steps have finished
3608 steps have finished
3609 steps have finished
3610 steps have finished
3611 steps have finished
3612 steps have finished
3613 steps have finished
3614 steps have finished
3615 steps have finished
3616 steps have finished
3617 steps have finished
3618 steps have finished
3619 steps have finished
3620 steps have finished
3621 steps have finished
3622 steps have finished
3623 steps have finished
3624 steps have finished
3625 steps have finished
3626 steps have finished
3627 steps have finished
3628 steps have finished
3629 steps have finished
3630 steps have finished
3631 steps have finished
3632 steps have finished
3633 steps have finished
3634 steps have finished
3635 steps have finished
3636 steps have finished
3637 steps have finished
3638 steps have finished
3639 steps have finished
3640 steps have finished
3641 steps have finished
3642 steps have finished
3643 steps have finished
3644 steps have finished
3645 steps have finished
3646 steps have finished
3647 steps have finished
3648 steps have finished
3649 steps have finished
3650 steps have finished
3651 steps have finished
3652 steps have finished
3653 steps have finished
3654 steps have finished
3655 steps have finished
3656 steps have finished
3657 steps have finished
3658 steps have finished
3659 steps have finished
3660 steps have finished
3661 steps have finished
3662 steps have finished
3663 steps have finished
3664 steps have finished
3665 steps have finished
3666 steps have finished
3667 steps have finished
3668 steps have finished
3669 steps have finished
3670 steps have finished
3671 steps have finished
3672 steps have finished
3673 steps have finished
3674 steps have finished
3675 steps have finished
3676 steps have finished
3677 steps have finished
3678 steps have finished
3679 steps have finished
3680 steps have finished
3681 steps have finished
3682 steps have finished
3683 steps have finished
3684 steps have finished
3685 steps have finished
3686 steps have finished
3687 steps have finished
3688 steps have finished
3689 steps have finished
3690 steps have finished
3691 steps have finished
3692 steps have finished
3693 steps have finished
3694 steps have finished
3695 steps have finished
3696 steps have finished
3697 steps have finished
3698 steps have finished
3699 steps have finished
3700 steps have finished
3701 steps have finished
3702 steps have finished
3703 steps have finished
3704 steps have finished
3705 steps have finished
3706 steps have finished
3707 steps have finished
3708 steps have finished
3709 steps have finished
3710 steps have finished
3711 steps have finished
3712 steps have finished
3713 steps have finished
3714 steps have finished
3715 steps have finished
3716 steps have finished
3717 steps have finished
3718 steps have finished
3719 steps have finished
3720 steps have finished
3721 steps have finished
3722 steps have finished
3723 steps have finished
3724 steps have finished
3725 steps have finished
3726 steps have finished
3727 steps have finished
3728 steps have finished
3729 steps have finished
3730 steps have finished
3731 steps have finished
3732 steps have finished
3733 steps have finished
3734 steps have finished
3735 steps have finished
3736 steps have finished
3737 steps have finished
3738 steps have finished
3739 steps have finished
3740 steps have finished
3741 steps have finished
3742 steps have finished
3743 steps have finished
3744 steps have finished
3745 steps have finished
3746 steps have finished
3747 steps have finished
3748 steps have finished
3749 steps have finished
3750 steps have finished
3751 steps have finished
3752 steps have finished
3753 steps have finished
3754 steps have finished
3755 steps have finished
3756 steps have finished
3757 steps have finished
3758 steps have finished
3759 steps have finished
3760 steps have finished
3761 steps have finished
3762 steps have finished
3763 steps have finished
3764 steps have finished
3765 steps have finished
3766 steps have finished
3767 steps have finished
3768 steps have finished
3769 steps have finished
3770 steps have finished
3771 steps have finished
3772 steps have finished
3773 steps have finished
3774 steps have finished
3775 steps have finished
3776 steps have finished
3777 steps have finished
3778 steps have finished
3779 steps have finished
3780 steps have finished
3781 steps have finished
3782 steps have finished
3783 steps have finished
3784 steps have finished
3785 steps have finished
3786 steps have finished
3787 steps have finished
3788 steps have finished
3789 steps have finished
3790 steps have finished
3791 steps have finished
3792 steps have finished
3793 steps have finished
3794 steps have finished
3795 steps have finished
3796 steps have finished
3797 steps have finished
3798 steps have finished
3799 steps have finished
3800 steps have finished
3801 steps have finished
3802 steps have finished
3803 steps have finished
3804 steps have finished
3805 steps have finished
3806 steps have finished
3807 steps have finished
3808 steps have finished
3809 steps have finished
3810 steps have finished
3811 steps have finished
3812 steps have finished
3813 steps have finished
3814 steps have finished
3815 steps have finished
3816 steps have finished
3817 steps have finished
3818 steps have finished
3819 steps have finished
3820 steps have finished
3821 steps have finished
3822 steps have finished
3823 steps have finished
3824 steps have finished
3825 steps have finished
3826 steps have finished
3827 steps have finished
3828 steps have finished
3829 steps have finished
3830 steps have finished
3831 steps have finished
3832 steps have finished
3833 steps have finished
3834 steps have finished
3835 steps have finished
3836 steps have finished
3837 steps have finished
3838 steps have finished
3839 steps have finished
3840 steps have finished
3841 steps have finished
3842 steps have finished
3843 steps have finished
3844 steps have finished
3845 steps have finished
3846 steps have finished
3847 steps have finished
3848 steps have finished
3849 steps have finished
3850 steps have finished
3851 steps have finished
3852 steps have finished
3853 steps have finished
3854 steps have finished
3855 steps have finished
3856 steps have finished
3857 steps have finished
3858 steps have finished
3859 steps have finished
3860 steps have finished
3861 steps have finished
3862 steps have finished
3863 steps have finished
3864 steps have finished
3865 steps have finished
3866 steps have finished
3867 steps have finished
3868 steps have finished
3869 steps have finished
3870 steps have finished
3871 steps have finished
3872 steps have finished
3873 steps have finished
3874 steps have finished
3875 steps have finished
3876 steps have finished
3877 steps have finished
3878 steps have finished
3879 steps have finished
3880 steps have finished
3881 steps have finished
3882 steps have finished
3883 steps have finished
3884 steps have finished
3885 steps have finished
3886 steps have finished
3887 steps have finished
3888 steps have finished
3889 steps have finished
3890 steps have finished
3891 steps have finished
3892 steps have finished
3893 steps have finished
3894 steps have finished
3895 steps have finished
3896 steps have finished
3897 steps have finished
3898 steps have finished
3899 steps have finished
3900 steps have finished
3901 steps have finished
3902 steps have finished
3903 steps have finished
3904 steps have finished
3905 steps have finished
3906 steps have finished
3907 steps have finished
3908 steps have finished
3909 steps have finished
3910 steps have finished
3911 steps have finished
3912 steps have finished
3913 steps have finished
3914 steps have finished
3915 steps have finished
3916 steps have finished
3917 steps have finished
3918 steps have finished
3919 steps have finished
3920 steps have finished
3921 steps have finished
3922 steps have finished
3923 steps have finished
3924 steps have finished
3925 steps have finished
3926 steps have finished
3927 steps have finished
3928 steps have finished
3929 steps have finished
3930 steps have finished
3931 steps have finished
3932 steps have finished
3933 steps have finished
3934 steps have finished
3935 steps have finished
3936 steps have finished
3937 steps have finished
3938 steps have finished
3939 steps have finished
3940 steps have finished
3941 steps have finished
3942 steps have finished
3943 steps have finished
3944 steps have finished
3945 steps have finished
3946 steps have finished
3947 steps have finished
3948 steps have finished
3949 steps have finished
3950 steps have finished
3951 steps have finished
3952 steps have finished
3953 steps have finished
3954 steps have finished
3955 steps have finished
3956 steps have finished
3957 steps have finished
3958 steps have finished
3959 steps have finished
3960 steps have finished
3961 steps have finished
3962 steps have finished
3963 steps have finished
3964 steps have finished
3965 steps have finished
3966 steps have finished
3967 steps have finished
3968 steps have finished
3969 steps have finished
3970 steps have finished
3971 steps have finished
3972 steps have finished
3973 steps have finished
3974 steps have finished
3975 steps have finished
3976 steps have finished
3977 steps have finished
3978 steps have finished
3979 steps have finished
3980 steps have finished
3981 steps have finished
3982 steps have finished
3983 steps have finished
3984 steps have finished
3985 steps have finished
3986 steps have finished
3987 steps have finished
3988 steps have finished
3989 steps have finished
3990 steps have finished
3991 steps have finished
3992 steps have finished
3993 steps have finished
3994 steps have finished
3995 steps have finished
3996 steps have finished
3997 steps have finished
3998 steps have finished
3999 steps have finished
4000 steps have finished
4001 steps have finished
4002 steps have finished
4003 steps have finished
4004 steps have finished
4005 steps have finished
4006 steps have finished
4007 steps have finished
4008 steps have finished
4009 steps have finished
4010 steps have finished
4011 steps have finished
4012 steps have finished
4013 steps have finished
4014 steps have finished
4015 steps have finished
4016 steps have finished
4017 steps have finished
4018 steps have finished
4019 steps have finished
4020 steps have finished
4021 steps have finished
4022 steps have finished
4023 steps have finished
4024 steps have finished
4025 steps have finished
4026 steps have finished
4027 steps have finished
4028 steps have finished
4029 steps have finished
4030 steps have finished
4031 steps have finished
4032 steps have finished
4033 steps have finished
4034 steps have finished
4035 steps have finished
4036 steps have finished
4037 steps have finished
4038 steps have finished
4039 steps have finished
4040 steps have finished
4041 steps have finished
4042 steps have finished
4043 steps have finished
4044 steps have finished
4045 steps have finished
4046 steps have finished
4047 steps have finished
4048 steps have finished
4049 steps have finished
4050 steps have finished
4051 steps have finished
4052 steps have finished
4053 steps have finished
4054 steps have finished
4055 steps have finished
4056 steps have finished
4057 steps have finished
4058 steps have finished
4059 steps have finished
4060 steps have finished
4061 steps have finished
4062 steps have finished
4063 steps have finished
4064 steps have finished
4065 steps have finished
4066 steps have finished
4067 steps have finished
4068 steps have finished
4069 steps have finished
4070 steps have finished
4071 steps have finished
4072 steps have finished
4073 steps have finished
4074 steps have finished
4075 steps have finished
4076 steps have finished
4077 steps have finished
4078 steps have finished
4079 steps have finished
4080 steps have finished
4081 steps have finished
4082 steps have finished
4083 steps have finished
4084 steps have finished
4085 steps have finished
4086 steps have finished
4087 steps have finished
4088 steps have finished
4089 steps have finished
4090 steps have finished
4091 steps have finished
4092 steps have finished
4093 steps have finished
4094 steps have finished
4095 steps have finished
4096 steps have finished
4097 steps have finished
4098 steps have finished
4099 steps have finished
4100 steps have finished
4101 steps have finished
4102 steps have finished
4103 steps have finished
4104 steps have finished
4105 steps have finished
4106 steps have finished
4107 steps have finished
4108 steps have finished
4109 steps have finished
4110 steps have finished
4111 steps have finished
4112 steps have finished
4113 steps have finished
4114 steps have finished
4115 steps have finished
4116 steps have finished
4117 steps have finished
4118 steps have finished
4119 steps have finished
4120 steps have finished
4121 steps have finished
4122 steps have finished
4123 steps have finished
4124 steps have finished
4125 steps have finished
4126 steps have finished
4127 steps have finished
4128 steps have finished
4129 steps have finished
4130 steps have finished
4131 steps have finished
4132 steps have finished
4133 steps have finished
4134 steps have finished
4135 steps have finished
4136 steps have finished
4137 steps have finished
4138 steps have finished
4139 steps have finished
4140 steps have finished
4141 steps have finished
4142 steps have finished
4143 steps have finished
4144 steps have finished
4145 steps have finished
4146 steps have finished
4147 steps have finished
4148 steps have finished
4149 steps have finished
4150 steps have finished
4151 steps have finished
4152 steps have finished
4153 steps have finished
4154 steps have finished
4155 steps have finished
4156 steps have finished
4157 steps have finished
4158 steps have finished
4159 steps have finished
4160 steps have finished
4161 steps have finished
4162 steps have finished
4163 steps have finished
4164 steps have finished
4165 steps have finished
4166 steps have finished
4167 steps have finished
4168 steps have finished
4169 steps have finished
4170 steps have finished
4171 steps have finished
4172 steps have finished
4173 steps have finished
4174 steps have finished
4175 steps have finished
4176 steps have finished
4177 steps have finished
4178 steps have finished
4179 steps have finished
4180 steps have finished
4181 steps have finished
4182 steps have finished
4183 steps have finished
4184 steps have finished
4185 steps have finished
4186 steps have finished
4187 steps have finished
4188 steps have finished
4189 steps have finished
4190 steps have finished
4191 steps have finished
4192 steps have finished
4193 steps have finished
4194 steps have finished
4195 steps have finished
4196 steps have finished
4197 steps have finished
4198 steps have finished
4199 steps have finished
4200 steps have finished
4201 steps have finished
4202 steps have finished
4203 steps have finished
4204 steps have finished
4205 steps have finished
4206 steps have finished
4207 steps have finished
4208 steps have finished
4209 steps have finished
4210 steps have finished
4211 steps have finished
4212 steps have finished
4213 steps have finished
4214 steps have finished
4215 steps have finished
4216 steps have finished
4217 steps have finished
4218 steps have finished
4219 steps have finished
4220 steps have finished
4221 steps have finished
4222 steps have finished
4223 steps have finished
4224 steps have finished
4225 steps have finished
4226 steps have finished
4227 steps have finished
4228 steps have finished
4229 steps have finished
4230 steps have finished
4231 steps have finished
4232 steps have finished
4233 steps have finished
4234 steps have finished
4235 steps have finished
4236 steps have finished
4237 steps have finished
4238 steps have finished
4239 steps have finished
4240 steps have finished
4241 steps have finished
4242 steps have finished
4243 steps have finished
4244 steps have finished
4245 steps have finished
4246 steps have finished
4247 steps have finished
4248 steps have finished
4249 steps have finished
4250 steps have finished
4251 steps have finished
4252 steps have finished
4253 steps have finished
4254 steps have finished
4255 steps have finished
4256 steps have finished
4257 steps have finished
4258 steps have finished
4259 steps have finished
4260 steps have finished
4261 steps have finished
4262 steps have finished
4263 steps have finished
4264 steps have finished
4265 steps have finished
4266 steps have finished
4267 steps have finished
4268 steps have finished
4269 steps have finished
4270 steps have finished
4271 steps have finished
4272 steps have finished
4273 steps have finished
4274 steps have finished
4275 steps have finished
4276 steps have finished
4277 steps have finished
4278 steps have finished
4279 steps have finished
4280 steps have finished
4281 steps have finished
4282 steps have finished
4283 steps have finished
4284 steps have finished
4285 steps have finished
4286 steps have finished
4287 steps have finished
4288 steps have finished
4289 steps have finished
4290 steps have finished
4291 steps have finished
4292 steps have finished
4293 steps have finished
4294 steps have finished
4295 steps have finished
4296 steps have finished
4297 steps have finished
4298 steps have finished
4299 steps have finished
4300 steps have finished
4301 steps have finished
4302 steps have finished
4303 steps have finished
4304 steps have finished
4305 steps have finished
4306 steps have finished
4307 steps have finished
4308 steps have finished
4309 steps have finished
4310 steps have finished
4311 steps have finished
4312 steps have finished
4313 steps have finished
4314 steps have finished
4315 steps have finished
4316 steps have finished
4317 steps have finished
4318 steps have finished
4319 steps have finished
4320 steps have finished
4321 steps have finished
4322 steps have finished
4323 steps have finished
4324 steps have finished
4325 steps have finished
4326 steps have finished
4327 steps have finished
4328 steps have finished
4329 steps have finished
4330 steps have finished
4331 steps have finished
4332 steps have finished
4333 steps have finished
4334 steps have finished
4335 steps have finished
4336 steps have finished
4337 steps have finished
4338 steps have finished
4339 steps have finished
4340 steps have finished
4341 steps have finished
4342 steps have finished
4343 steps have finished
4344 steps have finished
4345 steps have finished
4346 steps have finished
4347 steps have finished
4348 steps have finished
4349 steps have finished
4350 steps have finished
4351 steps have finished
4352 steps have finished
4353 steps have finished
4354 steps have finished
4355 steps have finished
4356 steps have finished
4357 steps have finished
4358 steps have finished
4359 steps have finished
4360 steps have finished
4361 steps have finished
4362 steps have finished
4363 steps have finished
4364 steps have finished
4365 steps have finished
4366 steps have finished
4367 steps have finished
4368 steps have finished
4369 steps have finished
4370 steps have finished
4371 steps have finished
4372 steps have finished
4373 steps have finished
4374 steps have finished
4375 steps have finished
4376 steps have finished
4377 steps have finished
4378 steps have finished
4379 steps have finished
4380 steps have finished
4381 steps have finished
4382 steps have finished
4383 steps have finished
4384 steps have finished
4385 steps have finished
4386 steps have finished
4387 steps have finished
4388 steps have finished
4389 steps have finished
4390 steps have finished
4391 steps have finished
4392 steps have finished
4393 steps have finished
4394 steps have finished
4395 steps have finished
4396 steps have finished
4397 steps have finished
4398 steps have finished
4399 steps have finished
4400 steps have finished
4401 steps have finished
4402 steps have finished
4403 steps have finished
4404 steps have finished
4405 steps have finished
4406 steps have finished
4407 steps have finished
4408 steps have finished
4409 steps have finished
4410 steps have finished
4411 steps have finished
4412 steps have finished
4413 steps have finished
4414 steps have finished
4415 steps have finished
4416 steps have finished
4417 steps have finished
4418 steps have finished
4419 steps have finished
4420 steps have finished
4421 steps have finished
4422 steps have finished
4423 steps have finished
4424 steps have finished
4425 steps have finished
4426 steps have finished
4427 steps have finished
4428 steps have finished
4429 steps have finished
4430 steps have finished
4431 steps have finished
4432 steps have finished
4433 steps have finished
4434 steps have finished
4435 steps have finished
4436 steps have finished
4437 steps have finished
4438 steps have finished
4439 steps have finished
4440 steps have finished
4441 steps have finished
4442 steps have finished
4443 steps have finished
4444 steps have finished
4445 steps have finished
4446 steps have finished
4447 steps have finished
4448 steps have finished
4449 steps have finished
4450 steps have finished
4451 steps have finished
4452 steps have finished
4453 steps have finished
4454 steps have finished
4455 steps have finished
4456 steps have finished
4457 steps have finished
4458 steps have finished
4459 steps have finished
4460 steps have finished
4461 steps have finished
4462 steps have finished
4463 steps have finished
4464 steps have finished
4465 steps have finished
4466 steps have finished
4467 steps have finished
4468 steps have finished
4469 steps have finished
4470 steps have finished
4471 steps have finished
4472 steps have finished
4473 steps have finished
4474 steps have finished
4475 steps have finished
4476 steps have finished
4477 steps have finished
4478 steps have finished
4479 steps have finished
4480 steps have finished
4481 steps have finished
4482 steps have finished
4483 steps have finished
4484 steps have finished
4485 steps have finished
4486 steps have finished
4487 steps have finished
4488 steps have finished
4489 steps have finished
4490 steps have finished
4491 steps have finished
4492 steps have finished
4493 steps have finished
4494 steps have finished
4495 steps have finished
4496 steps have finished
4497 steps have finished
4498 steps have finished
4499 steps have finished
4500 steps have finished
4501 steps have finished
4502 steps have finished
4503 steps have finished
4504 steps have finished
4505 steps have finished
4506 steps have finished
4507 steps have finished
4508 steps have finished
4509 steps have finished
4510 steps have finished
4511 steps have finished
4512 steps have finished
4513 steps have finished
4514 steps have finished
4515 steps have finished
4516 steps have finished
4517 steps have finished
4518 steps have finished
4519 steps have finished
4520 steps have finished
4521 steps have finished
4522 steps have finished
4523 steps have finished
4524 steps have finished
4525 steps have finished
4526 steps have finished
4527 steps have finished
4528 steps have finished
4529 steps have finished
4530 steps have finished
4531 steps have finished
4532 steps have finished
4533 steps have finished
4534 steps have finished
4535 steps have finished
4536 steps have finished
4537 steps have finished
4538 steps have finished
4539 steps have finished
4540 steps have finished
4541 steps have finished
4542 steps have finished
4543 steps have finished
4544 steps have finished
4545 steps have finished
4546 steps have finished
4547 steps have finished
4548 steps have finished
4549 steps have finished
4550 steps have finished
4551 steps have finished
4552 steps have finished
4553 steps have finished
4554 steps have finished
4555 steps have finished
4556 steps have finished
4557 steps have finished
4558 steps have finished
4559 steps have finished
4560 steps have finished
4561 steps have finished
4562 steps have finished
4563 steps have finished
4564 steps have finished
4565 steps have finished
4566 steps have finished
4567 steps have finished
4568 steps have finished
4569 steps have finished
4570 steps have finished
4571 steps have finished
4572 steps have finished
4573 steps have finished
4574 steps have finished
4575 steps have finished
4576 steps have finished
4577 steps have finished
4578 steps have finished
4579 steps have finished
4580 steps have finished
4581 steps have finished
4582 steps have finished
4583 steps have finished
4584 steps have finished
4585 steps have finished
4586 steps have finished
4587 steps have finished
4588 steps have finished
4589 steps have finished
4590 steps have finished
4591 steps have finished
4592 steps have finished
4593 steps have finished
4594 steps have finished
4595 steps have finished
4596 steps have finished
4597 steps have finished
4598 steps have finished
4599 steps have finished
4600 steps have finished
4601 steps have finished
4602 steps have finished
4603 steps have finished
4604 steps have finished
4605 steps have finished
4606 steps have finished
4607 steps have finished
4608 steps have finished
4609 steps have finished
4610 steps have finished
4611 steps have finished
4612 steps have finished
4613 steps have finished
4614 steps have finished
4615 steps have finished
4616 steps have finished
4617 steps have finished
4618 steps have finished
4619 steps have finished
4620 steps have finished
4621 steps have finished
4622 steps have finished
4623 steps have finished
4624 steps have finished
4625 steps have finished
4626 steps have finished
4627 steps have finished
4628 steps have finished
4629 steps have finished
4630 steps have finished
4631 steps have finished
4632 steps have finished
4633 steps have finished
4634 steps have finished
4635 steps have finished
4636 steps have finished
4637 steps have finished
4638 steps have finished
4639 steps have finished
4640 steps have finished
4641 steps have finished
4642 steps have finished
4643 steps have finished
4644 steps have finished
4645 steps have finished
4646 steps have finished
4647 steps have finished
4648 steps have finished
4649 steps have finished
4650 steps have finished
4651 steps have finished
4652 steps have finished
4653 steps have finished
4654 steps have finished
4655 steps have finished
4656 steps have finished
4657 steps have finished
4658 steps have finished
4659 steps have finished
4660 steps have finished
4661 steps have finished
4662 steps have finished
4663 steps have finished
4664 steps have finished
4665 steps have finished
4666 steps have finished
4667 steps have finished
4668 steps have finished
4669 steps have finished
4670 steps have finished
4671 steps have finished
4672 steps have finished
4673 steps have finished
4674 steps have finished
4675 steps have finished
4676 steps have finished
4677 steps have finished
4678 steps have finished
4679 steps have finished
4680 steps have finished
4681 steps have finished
4682 steps have finished
4683 steps have finished
4684 steps have finished
4685 steps have finished
4686 steps have finished
4687 steps have finished
4688 steps have finished
4689 steps have finished
4690 steps have finished
4691 steps have finished
4692 steps have finished
4693 steps have finished
4694 steps have finished
4695 steps have finished
4696 steps have finished
4697 steps have finished
4698 steps have finished
4699 steps have finished
4700 steps have finished
4701 steps have finished
4702 steps have finished
4703 steps have finished
4704 steps have finished
4705 steps have finished
4706 steps have finished
4707 steps have finished
4708 steps have finished
4709 steps have finished
4710 steps have finished
4711 steps have finished
4712 steps have finished
4713 steps have finished
4714 steps have finished
4715 steps have finished
4716 steps have finished
4717 steps have finished
4718 steps have finished
4719 steps have finished
4720 steps have finished
4721 steps have finished
4722 steps have finished
4723 steps have finished
4724 steps have finished
4725 steps have finished
4726 steps have finished
4727 steps have finished
4728 steps have finished
4729 steps have finished
4730 steps have finished
4731 steps have finished
4732 steps have finished
4733 steps have finished
4734 steps have finished
4735 steps have finished
4736 steps have finished
4737 steps have finished
4738 steps have finished
4739 steps have finished
4740 steps have finished
4741 steps have finished
4742 steps have finished
4743 steps have finished
4744 steps have finished
4745 steps have finished
4746 steps have finished
4747 steps have finished
4748 steps have finished
4749 steps have finished
4750 steps have finished
4751 steps have finished
4752 steps have finished
4753 steps have finished
4754 steps have finished
4755 steps have finished
4756 steps have finished
4757 steps have finished
4758 steps have finished
4759 steps have finished
4760 steps have finished
4761 steps have finished
4762 steps have finished
4763 steps have finished
4764 steps have finished
4765 steps have finished
4766 steps have finished
4767 steps have finished
4768 steps have finished
4769 steps have finished
4770 steps have finished
4771 steps have finished
4772 steps have finished
4773 steps have finished
4774 steps have finished
4775 steps have finished
4776 steps have finished
4777 steps have finished
4778 steps have finished
4779 steps have finished
4780 steps have finished
4781 steps have finished
4782 steps have finished
4783 steps have finished
4784 steps have finished
4785 steps have finished
4786 steps have finished
4787 steps have finished
4788 steps have finished
4789 steps have finished
4790 steps have finished
4791 steps have finished
4792 steps have finished
4793 steps have finished
4794 steps have finished
4795 steps have finished
4796 steps have finished
4797 steps have finished
4798 steps have finished
4799 steps have finished
4800 steps have finished
4801 steps have finished
4802 steps have finished
4803 steps have finished
4804 steps have finished
4805 steps have finished
4806 steps have finished
4807 steps have finished
4808 steps have finished
4809 steps have finished
4810 steps have finished
4811 steps have finished
4812 steps have finished
4813 steps have finished
4814 steps have finished
4815 steps have finished
4816 steps have finished
4817 steps have finished
4818 steps have finished
4819 steps have finished
4820 steps have finished
4821 steps have finished
4822 steps have finished
4823 steps have finished
4824 steps have finished
4825 steps have finished
4826 steps have finished
4827 steps have finished
4828 steps have finished
4829 steps have finished
4830 steps have finished
4831 steps have finished
4832 steps have finished
4833 steps have finished
4834 steps have finished
4835 steps have finished
4836 steps have finished
4837 steps have finished
4838 steps have finished
4839 steps have finished
4840 steps have finished
4841 steps have finished
4842 steps have finished
4843 steps have finished
4844 steps have finished
4845 steps have finished
4846 steps have finished
4847 steps have finished
4848 steps have finished
4849 steps have finished
4850 steps have finished
4851 steps have finished
4852 steps have finished
4853 steps have finished
4854 steps have finished
4855 steps have finished
4856 steps have finished
4857 steps have finished
4858 steps have finished
4859 steps have finished
4860 steps have finished
4861 steps have finished
4862 steps have finished
4863 steps have finished
4864 steps have finished
4865 steps have finished
4866 steps have finished
4867 steps have finished
4868 steps have finished
4869 steps have finished
4870 steps have finished
4871 steps have finished
4872 steps have finished
4873 steps have finished
4874 steps have finished
4875 steps have finished
4876 steps have finished
4877 steps have finished
4878 steps have finished
4879 steps have finished
4880 steps have finished
4881 steps have finished
4882 steps have finished
4883 steps have finished
4884 steps have finished
4885 steps have finished
4886 steps have finished
4887 steps have finished
4888 steps have finished
4889 steps have finished
4890 steps have finished
4891 steps have finished
4892 steps have finished
4893 steps have finished
4894 steps have finished
4895 steps have finished
4896 steps have finished
4897 steps have finished
4898 steps have finished
4899 steps have finished
4900 steps have finished
4901 steps have finished
4902 steps have finished
4903 steps have finished
4904 steps have finished
4905 steps have finished
4906 steps have finished
4907 steps have finished
4908 steps have finished
4909 steps have finished
4910 steps have finished
4911 steps have finished
4912 steps have finished
4913 steps have finished
4914 steps have finished
4915 steps have finished
4916 steps have finished
4917 steps have finished
4918 steps have finished
4919 steps have finished
4920 steps have finished
4921 steps have finished
4922 steps have finished
4923 steps have finished
4924 steps have finished
4925 steps have finished
4926 steps have finished
4927 steps have finished
4928 steps have finished
4929 steps have finished
4930 steps have finished
4931 steps have finished
4932 steps have finished
4933 steps have finished
4934 steps have finished
4935 steps have finished
4936 steps have finished
4937 steps have finished
4938 steps have finished
4939 steps have finished
4940 steps have finished
4941 steps have finished
4942 steps have finished
4943 steps have finished
4944 steps have finished
4945 steps have finished
4946 steps have finished
4947 steps have finished
4948 steps have finished
4949 steps have finished
4950 steps have finished
4951 steps have finished
4952 steps have finished
4953 steps have finished
4954 steps have finished
4955 steps have finished
4956 steps have finished
4957 steps have finished
4958 steps have finished
4959 steps have finished
4960 steps have finished
4961 steps have finished
4962 steps have finished
4963 steps have finished
4964 steps have finished
4965 steps have finished
4966 steps have finished
4967 steps have finished
4968 steps have finished
4969 steps have finished
4970 steps have finished
4971 steps have finished
4972 steps have finished
4973 steps have finished
4974 steps have finished
4975 steps have finished
4976 steps have finished
4977 steps have finished
4978 steps have finished
4979 steps have finished
4980 steps have finished
4981 steps have finished
4982 steps have finished
4983 steps have finished
4984 steps have finished
4985 steps have finished
4986 steps have finished
4987 steps have finished
4988 steps have finished
4989 steps have finished
4990 steps have finished
4991 steps have finished
4992 steps have finished
4993 steps have finished
4994 steps have finished
4995 steps have finished
4996 steps have finished
4997 steps have finished
4998 steps have finished
4999 steps have finished
5000 steps have finished
5001 steps have finished
5002 steps have finished
5003 steps have finished
5004 steps have finished
5005 steps have finished
5006 steps have finished
5007 steps have finished
5008 steps have finished
5009 steps have finished
5010 steps have finished
5011 steps have finished
5012 steps have finished
5013 steps have finished
5014 steps have finished
5015 steps have finished
5016 steps have finished
5017 steps have finished
5018 steps have finished
5019 steps have finished
5020 steps have finished
5021 steps have finished
5022 steps have finished
5023 steps have finished
5024 steps have finished
5025 steps have finished
5026 steps have finished
5027 steps have finished
5028 steps have finished
5029 steps have finished
5030 steps have finished
5031 steps have finished
5032 steps have finished
5033 steps have finished
5034 steps have finished
5035 steps have finished
5036 steps have finished
5037 steps have finished
5038 steps have finished
5039 steps have finished
5040 steps have finished
5041 steps have finished
5042 steps have finished
5043 steps have finished
5044 steps have finished
5045 steps have finished
5046 steps have finished
5047 steps have finished
5048 steps have finished
5049 steps have finished
5050 steps have finished
5051 steps have finished
5052 steps have finished
5053 steps have finished
5054 steps have finished
5055 steps have finished
5056 steps have finished
5057 steps have finished
5058 steps have finished
5059 steps have finished
5060 steps have finished
5061 steps have finished
5062 steps have finished
5063 steps have finished
5064 steps have finished
5065 steps have finished
5066 steps have finished
5067 steps have finished
5068 steps have finished
5069 steps have finished
5070 steps have finished
5071 steps have finished
5072 steps have finished
5073 steps have finished
5074 steps have finished
5075 steps have finished
5076 steps have finished
5077 steps have finished
5078 steps have finished
5079 steps have finished
5080 steps have finished
5081 steps have finished
5082 steps have finished
5083 steps have finished
5084 steps have finished
5085 steps have finished
5086 steps have finished
5087 steps have finished
5088 steps have finished
5089 steps have finished
5090 steps have finished
5091 steps have finished
5092 steps have finished
5093 steps have finished
5094 steps have finished
5095 steps have finished
5096 steps have finished
5097 steps have finished
5098 steps have finished
5099 steps have finished
5100 steps have finished
5101 steps have finished
5102 steps have finished
5103 steps have finished
5104 steps have finished
5105 steps have finished
5106 steps have finished
5107 steps have finished
5108 steps have finished
5109 steps have finished
5110 steps have finished
5111 steps have finished
5112 steps have finished
5113 steps have finished
5114 steps have finished
5115 steps have finished
5116 steps have finished
5117 steps have finished
5118 steps have finished
5119 steps have finished
5120 steps have finished
5121 steps have finished
5122 steps have finished
5123 steps have finished
5124 steps have finished
5125 steps have finished
5126 steps have finished
5127 steps have finished
5128 steps have finished
5129 steps have finished
5130 steps have finished
5131 steps have finished
5132 steps have finished
5133 steps have finished
5134 steps have finished
5135 steps have finished
5136 steps have finished
5137 steps have finished
5138 steps have finished
5139 steps have finished
5140 steps have finished
5141 steps have finished
5142 steps have finished
5143 steps have finished
5144 steps have finished
5145 steps have finished
5146 steps have finished
5147 steps have finished
5148 steps have finished
5149 steps have finished
5150 steps have finished
5151 steps have finished
5152 steps have finished
5153 steps have finished
5154 steps have finished
5155 steps have finished
5156 steps have finished
5157 steps have finished
5158 steps have finished
5159 steps have finished
5160 steps have finished
5161 steps have finished
5162 steps have finished
5163 steps have finished
5164 steps have finished
5165 steps have finished
5166 steps have finished
5167 steps have finished
5168 steps have finished
5169 steps have finished
5170 steps have finished
5171 steps have finished
5172 steps have finished
5173 steps have finished
5174 steps have finished
5175 steps have finished
5176 steps have finished
5177 steps have finished
5178 steps have finished
5179 steps have finished
5180 steps have finished
5181 steps have finished
5182 steps have finished
5183 steps have finished
5184 steps have finished
5185 steps have finished
5186 steps have finished
5187 steps have finished
5188 steps have finished
5189 steps have finished
5190 steps have finished
5191 steps have finished
5192 steps have finished
5193 steps have finished
5194 steps have finished
5195 steps have finished
5196 steps have finished
5197 steps have finished
5198 steps have finished
5199 steps have finished
5200 steps have finished
5201 steps have finished
5202 steps have finished
5203 steps have finished
5204 steps have finished
5205 steps have finished
5206 steps have finished
5207 steps have finished
5208 steps have finished
5209 steps have finished
5210 steps have finished
5211 steps have finished
5212 steps have finished
5213 steps have finished
5214 steps have finished
5215 steps have finished
5216 steps have finished
5217 steps have finished
5218 steps have finished
5219 steps have finished
5220 steps have finished
5221 steps have finished
5222 steps have finished
5223 steps have finished
5224 steps have finished
5225 steps have finished
5226 steps have finished
5227 steps have finished
5228 steps have finished
5229 steps have finished
5230 steps have finished
5231 steps have finished
5232 steps have finished
5233 steps have finished
5234 steps have finished
5235 steps have finished
5236 steps have finished
5237 steps have finished
5238 steps have finished
5239 steps have finished
5240 steps have finished
5241 steps have finished
5242 steps have finished
5243 steps have finished
5244 steps have finished
5245 steps have finished
5246 steps have finished
5247 steps have finished
5248 steps have finished
5249 steps have finished
5250 steps have finished
5251 steps have finished
5252 steps have finished
5253 steps have finished
5254 steps have finished
5255 steps have finished
5256 steps have finished
5257 steps have finished
5258 steps have finished
5259 steps have finished
5260 steps have finished
5261 steps have finished
5262 steps have finished
5263 steps have finished
5264 steps have finished
5265 steps have finished
5266 steps have finished
5267 steps have finished
5268 steps have finished
5269 steps have finished
5270 steps have finished
5271 steps have finished
5272 steps have finished
5273 steps have finished
5274 steps have finished
5275 steps have finished
5276 steps have finished
5277 steps have finished
5278 steps have finished
5279 steps have finished
5280 steps have finished
5281 steps have finished
5282 steps have finished
5283 steps have finished
5284 steps have finished
5285 steps have finished
5286 steps have finished
5287 steps have finished
5288 steps have finished
5289 steps have finished
5290 steps have finished
5291 steps have finished
5292 steps have finished
5293 steps have finished
5294 steps have finished
5295 steps have finished
5296 steps have finished
5297 steps have finished
5298 steps have finished
5299 steps have finished
5300 steps have finished
5301 steps have finished
5302 steps have finished
5303 steps have finished
5304 steps have finished
5305 steps have finished
5306 steps have finished
5307 steps have finished
5308 steps have finished
5309 steps have finished
5310 steps have finished
5311 steps have finished
5312 steps have finished
5313 steps have finished
5314 steps have finished
5315 steps have finished
5316 steps have finished
5317 steps have finished
5318 steps have finished
5319 steps have finished
5320 steps have finished
5321 steps have finished
5322 steps have finished
5323 steps have finished
5324 steps have finished
5325 steps have finished
5326 steps have finished
5327 steps have finished
5328 steps have finished
5329 steps have finished
5330 steps have finished
5331 steps have finished
5332 steps have finished
5333 steps have finished
5334 steps have finished
5335 steps have finished
5336 steps have finished
5337 steps have finished
5338 steps have finished
5339 steps have finished
5340 steps have finished
5341 steps have finished
5342 steps have finished
5343 steps have finished
5344 steps have finished
5345 steps have finished
5346 steps have finished
5347 steps have finished
5348 steps have finished
5349 steps have finished
5350 steps have finished
5351 steps have finished
5352 steps have finished
5353 steps have finished
5354 steps have finished
5355 steps have finished
5356 steps have finished
5357 steps have finished
5358 steps have finished
5359 steps have finished
5360 steps have finished
5361 steps have finished
5362 steps have finished
5363 steps have finished
5364 steps have finished
5365 steps have finished
5366 steps have finished
5367 steps have finished
5368 steps have finished
5369 steps have finished
5370 steps have finished
5371 steps have finished
5372 steps have finished
5373 steps have finished
5374 steps have finished
5375 steps have finished
5376 steps have finished
5377 steps have finished
5378 steps have finished
5379 steps have finished
5380 steps have finished
5381 steps have finished
5382 steps have finished
5383 steps have finished
5384 steps have finished
5385 steps have finished
5386 steps have finished
5387 steps have finished
5388 steps have finished
5389 steps have finished
5390 steps have finished
5391 steps have finished
5392 steps have finished
5393 steps have finished
5394 steps have finished
5395 steps have finished
5396 steps have finished
5397 steps have finished
5398 steps have finished
5399 steps have finished
5400 steps have finished
5401 steps have finished
5402 steps have finished
5403 steps have finished
5404 steps have finished
5405 steps have finished
5406 steps have finished
5407 steps have finished
5408 steps have finished
5409 steps have finished
5410 steps have finished
5411 steps have finished
5412 steps have finished
5413 steps have finished
5414 steps have finished
5415 steps have finished
5416 steps have finished
5417 steps have finished
5418 steps have finished
5419 steps have finished
5420 steps have finished
5421 steps have finished
5422 steps have finished
5423 steps have finished
5424 steps have finished
5425 steps have finished
5426 steps have finished
5427 steps have finished
5428 steps have finished
5429 steps have finished
5430 steps have finished
5431 steps have finished
5432 steps have finished
5433 steps have finished
5434 steps have finished
5435 steps have finished
5436 steps have finished
5437 steps have finished
5438 steps have finished
5439 steps have finished
5440 steps have finished
5441 steps have finished
5442 steps have finished
5443 steps have finished
5444 steps have finished
5445 steps have finished
5446 steps have finished
5447 steps have finished
5448 steps have finished
5449 steps have finished
5450 steps have finished
5451 steps have finished
5452 steps have finished
5453 steps have finished
5454 steps have finished
5455 steps have finished
5456 steps have finished
5457 steps have finished
5458 steps have finished
5459 steps have finished
5460 steps have finished
5461 steps have finished
5462 steps have finished
5463 steps have finished
5464 steps have finished
5465 steps have finished
5466 steps have finished
5467 steps have finished
5468 steps have finished
5469 steps have finished
5470 steps have finished
5471 steps have finished
5472 steps have finished
5473 steps have finished
5474 steps have finished
5475 steps have finished
5476 steps have finished
5477 steps have finished
5478 steps have finished
5479 steps have finished
5480 steps have finished
5481 steps have finished
5482 steps have finished
5483 steps have finished
5484 steps have finished
5485 steps have finished
5486 steps have finished
5487 steps have finished
5488 steps have finished
5489 steps have finished
5490 steps have finished
5491 steps have finished
5492 steps have finished
5493 steps have finished
5494 steps have finished
5495 steps have finished
5496 steps have finished
5497 steps have finished
5498 steps have finished
5499 steps have finished
5500 steps have finished
5501 steps have finished
5502 steps have finished
5503 steps have finished
5504 steps have finished
5505 steps have finished
5506 steps have finished
5507 steps have finished
5508 steps have finished
5509 steps have finished
5510 steps have finished
5511 steps have finished
5512 steps have finished
5513 steps have finished
5514 steps have finished
5515 steps have finished
5516 steps have finished
5517 steps have finished
5518 steps have finished
5519 steps have finished
5520 steps have finished
5521 steps have finished
5522 steps have finished
5523 steps have finished
5524 steps have finished
5525 steps have finished
5526 steps have finished
5527 steps have finished
5528 steps have finished
5529 steps have finished
5530 steps have finished
5531 steps have finished
5532 steps have finished
5533 steps have finished
5534 steps have finished
5535 steps have finished
5536 steps have finished
5537 steps have finished
5538 steps have finished
5539 steps have finished
5540 steps have finished
5541 steps have finished
5542 steps have finished
5543 steps have finished
5544 steps have finished
5545 steps have finished
5546 steps have finished
5547 steps have finished
5548 steps have finished
5549 steps have finished
5550 steps have finished
5551 steps have finished
5552 steps have finished
5553 steps have finished
5554 steps have finished
5555 steps have finished
5556 steps have finished
5557 steps have finished
5558 steps have finished
5559 steps have finished
5560 steps have finished
5561 steps have finished
5562 steps have finished
5563 steps have finished
5564 steps have finished
5565 steps have finished
5566 steps have finished
5567 steps have finished
5568 steps have finished
5569 steps have finished
5570 steps have finished
5571 steps have finished
5572 steps have finished
5573 steps have finished
5574 steps have finished
5575 steps have finished
5576 steps have finished
5577 steps have finished
5578 steps have finished
5579 steps have finished
5580 steps have finished
5581 steps have finished
5582 steps have finished
5583 steps have finished
5584 steps have finished
5585 steps have finished
5586 steps have finished
5587 steps have finished
5588 steps have finished
5589 steps have finished
5590 steps have finished
5591 steps have finished
5592 steps have finished
5593 steps have finished
5594 steps have finished
5595 steps have finished
5596 steps have finished
5597 steps have finished
5598 steps have finished
5599 steps have finished
5600 steps have finished
5601 steps have finished
5602 steps have finished
5603 steps have finished
5604 steps have finished
5605 steps have finished
5606 steps have finished
5607 steps have finished
5608 steps have finished
5609 steps have finished
5610 steps have finished
5611 steps have finished
5612 steps have finished
5613 steps have finished
5614 steps have finished
5615 steps have finished
5616 steps have finished
5617 steps have finished
5618 steps have finished
5619 steps have finished
5620 steps have finished
5621 steps have finished
5622 steps have finished
5623 steps have finished
5624 steps have finished
5625 steps have finished
5626 steps have finished
5627 steps have finished
5628 steps have finished
5629 steps have finished
5630 steps have finished
5631 steps have finished
5632 steps have finished
5633 steps have finished
5634 steps have finished
5635 steps have finished
5636 steps have finished
5637 steps have finished
5638 steps have finished
5639 steps have finished
5640 steps have finished
5641 steps have finished
5642 steps have finished
5643 steps have finished
5644 steps have finished
5645 steps have finished
5646 steps have finished
5647 steps have finished
5648 steps have finished
5649 steps have finished
5650 steps have finished
5651 steps have finished
5652 steps have finished
5653 steps have finished
5654 steps have finished
5655 steps have finished
5656 steps have finished
5657 steps have finished
5658 steps have finished
5659 steps have finished
5660 steps have finished
5661 steps have finished
5662 steps have finished
5663 steps have finished
5664 steps have finished
5665 steps have finished
5666 steps have finished
5667 steps have finished
5668 steps have finished
5669 steps have finished
5670 steps have finished
5671 steps have finished
5672 steps have finished
5673 steps have finished
5674 steps have finished
5675 steps have finished
5676 steps have finished
5677 steps have finished
5678 steps have finished
5679 steps have finished
5680 steps have finished
5681 steps have finished
5682 steps have finished
5683 steps have finished
5684 steps have finished
5685 steps have finished
5686 steps have finished
5687 steps have finished
5688 steps have finished
5689 steps have finished
5690 steps have finished
5691 steps have finished
5692 steps have finished
5693 steps have finished
5694 steps have finished
5695 steps have finished
5696 steps have finished
5697 steps have finished
5698 steps have finished
5699 steps have finished
5700 steps have finished
5701 steps have finished
5702 steps have finished
5703 steps have finished
5704 steps have finished
5705 steps have finished
5706 steps have finished
5707 steps have finished
5708 steps have finished
5709 steps have finished
5710 steps have finished
5711 steps have finished
5712 steps have finished
5713 steps have finished
5714 steps have finished
5715 steps have finished
5716 steps have finished
5717 steps have finished
5718 steps have finished
5719 steps have finished
5720 steps have finished
5721 steps have finished
5722 steps have finished
5723 steps have finished
5724 steps have finished
5725 steps have finished
5726 steps have finished
5727 steps have finished
5728 steps have finished
5729 steps have finished
5730 steps have finished
5731 steps have finished
5732 steps have finished
5733 steps have finished
5734 steps have finished
5735 steps have finished
5736 steps have finished
5737 steps have finished
5738 steps have finished
5739 steps have finished
5740 steps have finished
5741 steps have finished
5742 steps have finished
5743 steps have finished
5744 steps have finished
5745 steps have finished
5746 steps have finished
5747 steps have finished
5748 steps have finished
5749 steps have finished
5750 steps have finished
5751 steps have finished
5752 steps have finished
5753 steps have finished
5754 steps have finished
5755 steps have finished
5756 steps have finished
5757 steps have finished
5758 steps have finished
5759 steps have finished
5760 steps have finished
5761 steps have finished
5762 steps have finished
5763 steps have finished
5764 steps have finished
5765 steps have finished
5766 steps have finished
5767 steps have finished
5768 steps have finished
5769 steps have finished
5770 steps have finished
5771 steps have finished
5772 steps have finished
5773 steps have finished
5774 steps have finished
5775 steps have finished
5776 steps have finished
5777 steps have finished
5778 steps have finished
5779 steps have finished
5780 steps have finished
5781 steps have finished
5782 steps have finished
5783 steps have finished
5784 steps have finished
5785 steps have finished
5786 steps have finished
5787 steps have finished
5788 steps have finished
5789 steps have finished
5790 steps have finished
5791 steps have finished
5792 steps have finished
5793 steps have finished
5794 steps have finished
5795 steps have finished
5796 steps have finished
5797 steps have finished
5798 steps have finished
5799 steps have finished
5800 steps have finished
5801 steps have finished
5802 steps have finished
5803 steps have finished
5804 steps have finished
5805 steps have finished
5806 steps have finished
5807 steps have finished
5808 steps have finished
5809 steps have finished
5810 steps have finished
5811 steps have finished
5812 steps have finished
5813 steps have finished
5814 steps have finished
5815 steps have finished
5816 steps have finished
5817 steps have finished
5818 steps have finished
5819 steps have finished
5820 steps have finished
5821 steps have finished
5822 steps have finished
5823 steps have finished
5824 steps have finished
5825 steps have finished
5826 steps have finished
5827 steps have finished
5828 steps have finished
5829 steps have finished
5830 steps have finished
5831 steps have finished
5832 steps have finished
5833 steps have finished
5834 steps have finished
5835 steps have finished
5836 steps have finished
5837 steps have finished
5838 steps have finished
5839 steps have finished
5840 steps have finished
5841 steps have finished
5842 steps have finished
5843 steps have finished
5844 steps have finished
5845 steps have finished
5846 steps have finished
5847 steps have finished
5848 steps have finished
5849 steps have finished
5850 steps have finished
5851 steps have finished
5852 steps have finished
5853 steps have finished
5854 steps have finished
5855 steps have finished
5856 steps have finished
5857 steps have finished
5858 steps have finished
5859 steps have finished
5860 steps have finished
5861 steps have finished
5862 steps have finished
5863 steps have finished
5864 steps have finished
5865 steps have finished
5866 steps have finished
5867 steps have finished
5868 steps have finished
5869 steps have finished
5870 steps have finished
5871 steps have finished
5872 steps have finished
5873 steps have finished
5874 steps have finished
5875 steps have finished
5876 steps have finished
5877 steps have finished
5878 steps have finished
5879 steps have finished
5880 steps have finished
5881 steps have finished
5882 steps have finished
5883 steps have finished
5884 steps have finished
5885 steps have finished
5886 steps have finished
5887 steps have finished
5888 steps have finished
5889 steps have finished
5890 steps have finished
5891 steps have finished
5892 steps have finished
5893 steps have finished
5894 steps have finished
5895 steps have finished
5896 steps have finished
5897 steps have finished
5898 steps have finished
5899 steps have finished
5900 steps have finished
5901 steps have finished
5902 steps have finished
5903 steps have finished
5904 steps have finished
5905 steps have finished
5906 steps have finished
5907 steps have finished
5908 steps have finished
5909 steps have finished
5910 steps have finished
5911 steps have finished
5912 steps have finished
5913 steps have finished
5914 steps have finished
5915 steps have finished
5916 steps have finished
5917 steps have finished
5918 steps have finished
5919 steps have finished
5920 steps have finished
5921 steps have finished
5922 steps have finished
5923 steps have finished
5924 steps have finished
5925 steps have finished
5926 steps have finished
5927 steps have finished
5928 steps have finished
5929 steps have finished
5930 steps have finished
5931 steps have finished
5932 steps have finished
5933 steps have finished
5934 steps have finished
5935 steps have finished
5936 steps have finished
5937 steps have finished
5938 steps have finished
5939 steps have finished
5940 steps have finished
5941 steps have finished
5942 steps have finished
5943 steps have finished
5944 steps have finished
5945 steps have finished
5946 steps have finished
5947 steps have finished
5948 steps have finished
5949 steps have finished
5950 steps have finished
5951 steps have finished
5952 steps have finished
5953 steps have finished
5954 steps have finished
5955 steps have finished
5956 steps have finished
5957 steps have finished
5958 steps have finished
5959 steps have finished
5960 steps have finished
5961 steps have finished
5962 steps have finished
5963 steps have finished
5964 steps have finished
5965 steps have finished
5966 steps have finished
5967 steps have finished
5968 steps have finished
5969 steps have finished
5970 steps have finished
5971 steps have finished
5972 steps have finished
5973 steps have finished
5974 steps have finished
5975 steps have finished
5976 steps have finished
5977 steps have finished
5978 steps have finished
5979 steps have finished
5980 steps have finished
5981 steps have finished
5982 steps have finished
5983 steps have finished
5984 steps have finished
5985 steps have finished
5986 steps have finished
5987 steps have finished
5988 steps have finished
5989 steps have finished
5990 steps have finished
5991 steps have finished
5992 steps have finished
5993 steps have finished
5994 steps have finished
5995 steps have finished
5996 steps have finished
5997 steps have finished
5998 steps have finished
5999 steps have finished
6000 steps have finished
6001 steps have finished
6002 steps have finished
6003 steps have finished
6004 steps have finished
6005 steps have finished
6006 steps have finished
6007 steps have finished
6008 steps have finished
6009 steps have finished
6010 steps have finished
6011 steps have finished
6012 steps have finished
6013 steps have finished
6014 steps have finished
6015 steps have finished
6016 steps have finished
6017 steps have finished
6018 steps have finished
6019 steps have finished
6020 steps have finished
6021 steps have finished
6022 steps have finished
6023 steps have finished
6024 steps have finished
6025 steps have finished
6026 steps have finished
6027 steps have finished
6028 steps have finished
6029 steps have finished
6030 steps have finished
6031 steps have finished
6032 steps have finished
6033 steps have finished
6034 steps have finished
6035 steps have finished
6036 steps have finished
6037 steps have finished
6038 steps have finished
6039 steps have finished
6040 steps have finished
6041 steps have finished
6042 steps have finished
6043 steps have finished
6044 steps have finished
6045 steps have finished
6046 steps have finished
6047 steps have finished
6048 steps have finished
6049 steps have finished
6050 steps have finished
6051 steps have finished
6052 steps have finished
6053 steps have finished
6054 steps have finished
6055 steps have finished
6056 steps have finished
6057 steps have finished
6058 steps have finished
6059 steps have finished
6060 steps have finished
6061 steps have finished
6062 steps have finished
6063 steps have finished
6064 steps have finished
6065 steps have finished
6066 steps have finished
6067 steps have finished
6068 steps have finished
6069 steps have finished
6070 steps have finished
6071 steps have finished
6072 steps have finished
6073 steps have finished
6074 steps have finished
6075 steps have finished
6076 steps have finished
6077 steps have finished
6078 steps have finished
6079 steps have finished
6080 steps have finished
6081 steps have finished
6082 steps have finished
6083 steps have finished
6084 steps have finished
6085 steps have finished
6086 steps have finished
6087 steps have finished
6088 steps have finished
6089 steps have finished
6090 steps have finished
6091 steps have finished
6092 steps have finished
6093 steps have finished
6094 steps have finished
6095 steps have finished
6096 steps have finished
6097 steps have finished
6098 steps have finished
6099 steps have finished
6100 steps have finished
6101 steps have finished
6102 steps have finished
6103 steps have finished
6104 steps have finished
6105 steps have finished
6106 steps have finished
6107 steps have finished
6108 steps have finished
6109 steps have finished
6110 steps have finished
6111 steps have finished
6112 steps have finished
6113 steps have finished
6114 steps have finished
6115 steps have finished
6116 steps have finished
6117 steps have finished
6118 steps have finished
6119 steps have finished
6120 steps have finished
6121 steps have finished
6122 steps have finished
6123 steps have finished
6124 steps have finished
6125 steps have finished
6126 steps have finished
6127 steps have finished
6128 steps have finished
6129 steps have finished
6130 steps have finished
6131 steps have finished
6132 steps have finished
6133 steps have finished
6134 steps have finished
6135 steps have finished
6136 steps have finished
6137 steps have finished
6138 steps have finished
6139 steps have finished
6140 steps have finished
6141 steps have finished
6142 steps have finished
6143 steps have finished
6144 steps have finished
6145 steps have finished
6146 steps have finished
6147 steps have finished
6148 steps have finished
6149 steps have finished
6150 steps have finished
6151 steps have finished
6152 steps have finished
6153 steps have finished
6154 steps have finished
6155 steps have finished
6156 steps have finished
6157 steps have finished
6158 steps have finished
6159 steps have finished
6160 steps have finished
6161 steps have finished
6162 steps have finished
6163 steps have finished
6164 steps have finished
6165 steps have finished
6166 steps have finished
6167 steps have finished
6168 steps have finished
6169 steps have finished
6170 steps have finished
6171 steps have finished
6172 steps have finished
6173 steps have finished
6174 steps have finished
6175 steps have finished
6176 steps have finished
6177 steps have finished
6178 steps have finished
6179 steps have finished
6180 steps have finished
6181 steps have finished
6182 steps have finished
6183 steps have finished
6184 steps have finished
6185 steps have finished
6186 steps have finished
6187 steps have finished
6188 steps have finished
6189 steps have finished
6190 steps have finished
6191 steps have finished
6192 steps have finished
6193 steps have finished
6194 steps have finished
6195 steps have finished
6196 steps have finished
6197 steps have finished
6198 steps have finished
6199 steps have finished
6200 steps have finished
6201 steps have finished
6202 steps have finished
6203 steps have finished
6204 steps have finished
6205 steps have finished
6206 steps have finished
6207 steps have finished
6208 steps have finished
6209 steps have finished
6210 steps have finished
6211 steps have finished
6212 steps have finished
6213 steps have finished
6214 steps have finished
6215 steps have finished
6216 steps have finished
6217 steps have finished
6218 steps have finished
6219 steps have finished
6220 steps have finished
6221 steps have finished
6222 steps have finished
6223 steps have finished
6224 steps have finished
6225 steps have finished
6226 steps have finished
6227 steps have finished
6228 steps have finished
6229 steps have finished
6230 steps have finished
6231 steps have finished
6232 steps have finished
6233 steps have finished
6234 steps have finished
6235 steps have finished
6236 steps have finished
6237 steps have finished
6238 steps have finished
6239 steps have finished
6240 steps have finished
6241 steps have finished
6242 steps have finished
6243 steps have finished
6244 steps have finished
6245 steps have finished
6246 steps have finished
6247 steps have finished
6248 steps have finished
6249 steps have finished
6250 steps have finished
6251 steps have finished
6252 steps have finished
6253 steps have finished
6254 steps have finished
6255 steps have finished
6256 steps have finished
6257 steps have finished
6258 steps have finished
6259 steps have finished
6260 steps have finished
6261 steps have finished
6262 steps have finished
6263 steps have finished
6264 steps have finished
6265 steps have finished
6266 steps have finished
6267 steps have finished
6268 steps have finished
6269 steps have finished
6270 steps have finished
6271 steps have finished
6272 steps have finished
6273 steps have finished
6274 steps have finished
6275 steps have finished
6276 steps have finished
6277 steps have finished
6278 steps have finished
6279 steps have finished
6280 steps have finished
6281 steps have finished
6282 steps have finished
6283 steps have finished
6284 steps have finished
6285 steps have finished
6286 steps have finished
6287 steps have finished
6288 steps have finished
6289 steps have finished
6290 steps have finished
6291 steps have finished
6292 steps have finished
6293 steps have finished
6294 steps have finished
6295 steps have finished
6296 steps have finished
6297 steps have finished
6298 steps have finished
6299 steps have finished
6300 steps have finished
6301 steps have finished
6302 steps have finished
6303 steps have finished
6304 steps have finished
6305 steps have finished
6306 steps have finished
6307 steps have finished
6308 steps have finished
6309 steps have finished
6310 steps have finished
6311 steps have finished
6312 steps have finished
6313 steps have finished
6314 steps have finished
6315 steps have finished
6316 steps have finished
6317 steps have finished
6318 steps have finished
6319 steps have finished
6320 steps have finished
6321 steps have finished
6322 steps have finished
6323 steps have finished
6324 steps have finished
6325 steps have finished
6326 steps have finished
6327 steps have finished
6328 steps have finished
6329 steps have finished
6330 steps have finished
6331 steps have finished
6332 steps have finished
6333 steps have finished
6334 steps have finished
6335 steps have finished
6336 steps have finished
6337 steps have finished
6338 steps have finished
6339 steps have finished
6340 steps have finished
6341 steps have finished
6342 steps have finished
6343 steps have finished
6344 steps have finished
6345 steps have finished
6346 steps have finished
6347 steps have finished
6348 steps have finished
6349 steps have finished
6350 steps have finished
6351 steps have finished
6352 steps have finished
6353 steps have finished
6354 steps have finished
6355 steps have finished
6356 steps have finished
6357 steps have finished
6358 steps have finished
6359 steps have finished
6360 steps have finished
6361 steps have finished
6362 steps have finished
6363 steps have finished
6364 steps have finished
6365 steps have finished
6366 steps have finished
6367 steps have finished
6368 steps have finished
6369 steps have finished
6370 steps have finished
6371 steps have finished
6372 steps have finished
6373 steps have finished
6374 steps have finished
6375 steps have finished
6376 steps have finished
6377 steps have finished
6378 steps have finished
6379 steps have finished
6380 steps have finished
6381 steps have finished
6382 steps have finished
6383 steps have finished
6384 steps have finished
6385 steps have finished
6386 steps have finished
6387 steps have finished
6388 steps have finished
6389 steps have finished
6390 steps have finished
6391 steps have finished
6392 steps have finished
6393 steps have finished
6394 steps have finished
6395 steps have finished
6396 steps have finished
6397 steps have finished
6398 steps have finished
6399 steps have finished
6400 steps have finished
6401 steps have finished
6402 steps have finished
6403 steps have finished
6404 steps have finished
6405 steps have finished
6406 steps have finished
6407 steps have finished
6408 steps have finished
6409 steps have finished
6410 steps have finished
6411 steps have finished
6412 steps have finished
6413 steps have finished
6414 steps have finished
6415 steps have finished
6416 steps have finished
6417 steps have finished
6418 steps have finished
6419 steps have finished
6420 steps have finished
6421 steps have finished
6422 steps have finished
6423 steps have finished
6424 steps have finished
6425 steps have finished
6426 steps have finished
6427 steps have finished
6428 steps have finished
6429 steps have finished
6430 steps have finished
6431 steps have finished
6432 steps have finished
6433 steps have finished
6434 steps have finished
6435 steps have finished
6436 steps have finished
6437 steps have finished
6438 steps have finished
6439 steps have finished
6440 steps have finished
6441 steps have finished
6442 steps have finished
6443 steps have finished
6444 steps have finished
6445 steps have finished
6446 steps have finished
6447 steps have finished
6448 steps have finished
6449 steps have finished
6450 steps have finished
6451 steps have finished
6452 steps have finished
6453 steps have finished
6454 steps have finished
6455 steps have finished
6456 steps have finished
6457 steps have finished
6458 steps have finished
6459 steps have finished
6460 steps have finished
6461 steps have finished
6462 steps have finished
6463 steps have finished
6464 steps have finished
6465 steps have finished
6466 steps have finished
6467 steps have finished
6468 steps have finished
6469 steps have finished
6470 steps have finished
6471 steps have finished
6472 steps have finished
6473 steps have finished
6474 steps have finished
6475 steps have finished
6476 steps have finished
6477 steps have finished
6478 steps have finished
6479 steps have finished
6480 steps have finished
6481 steps have finished
6482 steps have finished
6483 steps have finished
6484 steps have finished
6485 steps have finished
6486 steps have finished
6487 steps have finished
6488 steps have finished
6489 steps have finished
6490 steps have finished
6491 steps have finished
6492 steps have finished
6493 steps have finished
6494 steps have finished
6495 steps have finished
6496 steps have finished
6497 steps have finished
6498 steps have finished
6499 steps have finished
6500 steps have finished
6501 steps have finished
6502 steps have finished
6503 steps have finished
6504 steps have finished
6505 steps have finished
6506 steps have finished
6507 steps have finished
6508 steps have finished
6509 steps have finished
6510 steps have finished
6511 steps have finished
6512 steps have finished
6513 steps have finished
6514 steps have finished
6515 steps have finished
6516 steps have finished
6517 steps have finished
6518 steps have finished
6519 steps have finished
6520 steps have finished
6521 steps have finished
6522 steps have finished
6523 steps have finished
6524 steps have finished
6525 steps have finished
6526 steps have finished
6527 steps have finished
6528 steps have finished
6529 steps have finished
6530 steps have finished
6531 steps have finished
6532 steps have finished
6533 steps have finished
6534 steps have finished
6535 steps have finished
6536 steps have finished
6537 steps have finished
6538 steps have finished
6539 steps have finished
6540 steps have finished
6541 steps have finished
6542 steps have finished
6543 steps have finished
6544 steps have finished
6545 steps have finished
6546 steps have finished
6547 steps have finished
6548 steps have finished
6549 steps have finished
6550 steps have finished
6551 steps have finished
6552 steps have finished
6553 steps have finished
6554 steps have finished
6555 steps have finished
6556 steps have finished
6557 steps have finished
6558 steps have finished
6559 steps have finished
6560 steps have finished
6561 steps have finished
6562 steps have finished
6563 steps have finished
6564 steps have finished
6565 steps have finished
6566 steps have finished
6567 steps have finished
6568 steps have finished
6569 steps have finished
6570 steps have finished
6571 steps have finished
6572 steps have finished
6573 steps have finished
6574 steps have finished
6575 steps have finished
6576 steps have finished
6577 steps have finished
6578 steps have finished
6579 steps have finished
6580 steps have finished
6581 steps have finished
6582 steps have finished
6583 steps have finished
6584 steps have finished
6585 steps have finished
6586 steps have finished
6587 steps have finished
6588 steps have finished
6589 steps have finished
6590 steps have finished
6591 steps have finished
6592 steps have finished
6593 steps have finished
6594 steps have finished
6595 steps have finished
6596 steps have finished
6597 steps have finished
6598 steps have finished
6599 steps have finished
6600 steps have finished
6601 steps have finished
6602 steps have finished
6603 steps have finished
6604 steps have finished
6605 steps have finished
6606 steps have finished
6607 steps have finished
6608 steps have finished
6609 steps have finished
6610 steps have finished
6611 steps have finished
6612 steps have finished
6613 steps have finished
6614 steps have finished
6615 steps have finished
6616 steps have finished
6617 steps have finished
6618 steps have finished
6619 steps have finished
6620 steps have finished
6621 steps have finished
6622 steps have finished
6623 steps have finished
6624 steps have finished
6625 steps have finished
6626 steps have finished
6627 steps have finished
6628 steps have finished
6629 steps have finished
6630 steps have finished
6631 steps have finished
6632 steps have finished
6633 steps have finished
6634 steps have finished
6635 steps have finished
6636 steps have finished
6637 steps have finished
6638 steps have finished
6639 steps have finished
6640 steps have finished
6641 steps have finished
6642 steps have finished
6643 steps have finished
6644 steps have finished
6645 steps have finished
6646 steps have finished
6647 steps have finished
6648 steps have finished
6649 steps have finished
6650 steps have finished
6651 steps have finished
6652 steps have finished
6653 steps have finished
6654 steps have finished
6655 steps have finished
6656 steps have finished
6657 steps have finished
6658 steps have finished
6659 steps have finished
6660 steps have finished
6661 steps have finished
6662 steps have finished
6663 steps have finished
6664 steps have finished
6665 steps have finished
6666 steps have finished
6667 steps have finished
6668 steps have finished
6669 steps have finished
6670 steps have finished
6671 steps have finished
6672 steps have finished
6673 steps have finished
6674 steps have finished
6675 steps have finished
6676 steps have finished
6677 steps have finished
6678 steps have finished
6679 steps have finished
6680 steps have finished
6681 steps have finished
6682 steps have finished
6683 steps have finished
6684 steps have finished
6685 steps have finished
6686 steps have finished
6687 steps have finished
6688 steps have finished
6689 steps have finished
6690 steps have finished
6691 steps have finished
6692 steps have finished
6693 steps have finished
6694 steps have finished
6695 steps have finished
6696 steps have finished
6697 steps have finished
6698 steps have finished
6699 steps have finished
6700 steps have finished
6701 steps have finished
6702 steps have finished
6703 steps have finished
6704 steps have finished
6705 steps have finished
6706 steps have finished
6707 steps have finished
6708 steps have finished
6709 steps have finished
6710 steps have finished
6711 steps have finished
6712 steps have finished
6713 steps have finished
6714 steps have finished
6715 steps have finished
6716 steps have finished
6717 steps have finished
6718 steps have finished
6719 steps have finished
6720 steps have finished
6721 steps have finished
6722 steps have finished
6723 steps have finished
6724 steps have finished
6725 steps have finished
6726 steps have finished
6727 steps have finished
6728 steps have finished
6729 steps have finished
6730 steps have finished
6731 steps have finished
6732 steps have finished
6733 steps have finished
6734 steps have finished
6735 steps have finished
6736 steps have finished
6737 steps have finished
6738 steps have finished
6739 steps have finished
6740 steps have finished
6741 steps have finished
6742 steps have finished
6743 steps have finished
6744 steps have finished
6745 steps have finished
6746 steps have finished
6747 steps have finished
6748 steps have finished
6749 steps have finished
6750 steps have finished
6751 steps have finished
6752 steps have finished
6753 steps have finished
6754 steps have finished
6755 steps have finished
6756 steps have finished
6757 steps have finished
6758 steps have finished
6759 steps have finished
6760 steps have finished
6761 steps have finished
6762 steps have finished
6763 steps have finished
6764 steps have finished
6765 steps have finished
6766 steps have finished
6767 steps have finished
6768 steps have finished
6769 steps have finished
6770 steps have finished
6771 steps have finished
6772 steps have finished
6773 steps have finished
6774 steps have finished
6775 steps have finished
6776 steps have finished
6777 steps have finished
6778 steps have finished
6779 steps have finished
6780 steps have finished
6781 steps have finished
6782 steps have finished
6783 steps have finished
6784 steps have finished
6785 steps have finished
6786 steps have finished
6787 steps have finished
6788 steps have finished
6789 steps have finished
6790 steps have finished
6791 steps have finished
6792 steps have finished
6793 steps have finished
6794 steps have finished
6795 steps have finished
6796 steps have finished
6797 steps have finished
6798 steps have finished
6799 steps have finished
6800 steps have finished
6801 steps have finished
6802 steps have finished
6803 steps have finished
6804 steps have finished
6805 steps have finished
6806 steps have finished
6807 steps have finished
6808 steps have finished
6809 steps have finished
6810 steps have finished
6811 steps have finished
6812 steps have finished
6813 steps have finished
6814 steps have finished
6815 steps have finished
6816 steps have finished
6817 steps have finished
6818 steps have finished
6819 steps have finished
6820 steps have finished
6821 steps have finished
6822 steps have finished
6823 steps have finished
6824 steps have finished
6825 steps have finished
6826 steps have finished
6827 steps have finished
6828 steps have finished
6829 steps have finished
6830 steps have finished
6831 steps have finished
6832 steps have finished
6833 steps have finished
6834 steps have finished
6835 steps have finished
6836 steps have finished
6837 steps have finished
6838 steps have finished
6839 steps have finished
6840 steps have finished
6841 steps have finished
6842 steps have finished
6843 steps have finished
6844 steps have finished
6845 steps have finished
6846 steps have finished
6847 steps have finished
6848 steps have finished
6849 steps have finished
6850 steps have finished
6851 steps have finished
6852 steps have finished
6853 steps have finished
6854 steps have finished
6855 steps have finished
6856 steps have finished
6857 steps have finished
6858 steps have finished
6859 steps have finished
6860 steps have finished
6861 steps have finished
6862 steps have finished
6863 steps have finished
6864 steps have finished
6865 steps have finished
6866 steps have finished
6867 steps have finished
6868 steps have finished
6869 steps have finished
6870 steps have finished
6871 steps have finished
6872 steps have finished
6873 steps have finished
6874 steps have finished
6875 steps have finished
6876 steps have finished
6877 steps have finished
6878 steps have finished
6879 steps have finished
6880 steps have finished
6881 steps have finished
6882 steps have finished
6883 steps have finished
6884 steps have finished
6885 steps have finished
6886 steps have finished
6887 steps have finished
6888 steps have finished
6889 steps have finished
6890 steps have finished
6891 steps have finished
6892 steps have finished
6893 steps have finished
6894 steps have finished
6895 steps have finished
6896 steps have finished
6897 steps have finished
6898 steps have finished
6899 steps have finished
6900 steps have finished
6901 steps have finished
6902 steps have finished
6903 steps have finished
6904 steps have finished
6905 steps have finished
6906 steps have finished
6907 steps have finished
6908 steps have finished
6909 steps have finished
6910 steps have finished
6911 steps have finished
6912 steps have finished
6913 steps have finished
6914 steps have finished
6915 steps have finished
6916 steps have finished
6917 steps have finished
6918 steps have finished
6919 steps have finished
6920 steps have finished
6921 steps have finished
6922 steps have finished
6923 steps have finished
6924 steps have finished
6925 steps have finished
6926 steps have finished
6927 steps have finished
6928 steps have finished
6929 steps have finished
6930 steps have finished
6931 steps have finished
6932 steps have finished
6933 steps have finished
6934 steps have finished
6935 steps have finished
6936 steps have finished
6937 steps have finished
6938 steps have finished
6939 steps have finished
6940 steps have finished
6941 steps have finished
6942 steps have finished
6943 steps have finished
6944 steps have finished
6945 steps have finished
6946 steps have finished
6947 steps have finished
6948 steps have finished
6949 steps have finished
6950 steps have finished
6951 steps have finished
6952 steps have finished
6953 steps have finished
6954 steps have finished
6955 steps have finished
6956 steps have finished
6957 steps have finished
6958 steps have finished
6959 steps have finished
6960 steps have finished
6961 steps have finished
6962 steps have finished
6963 steps have finished
6964 steps have finished
6965 steps have finished
6966 steps have finished
6967 steps have finished
6968 steps have finished
6969 steps have finished
6970 steps have finished
6971 steps have finished
6972 steps have finished
6973 steps have finished
6974 steps have finished
6975 steps have finished
6976 steps have finished
6977 steps have finished
6978 steps have finished
6979 steps have finished
6980 steps have finished
6981 steps have finished
6982 steps have finished
6983 steps have finished
6984 steps have finished
6985 steps have finished
6986 steps have finished
6987 steps have finished
6988 steps have finished
6989 steps have finished
6990 steps have finished
6991 steps have finished
6992 steps have finished
6993 steps have finished
6994 steps have finished
6995 steps have finished
6996 steps have finished
6997 steps have finished
6998 steps have finished
6999 steps have finished
7000 steps have finished
7001 steps have finished
7002 steps have finished
7003 steps have finished
7004 steps have finished
7005 steps have finished
7006 steps have finished
7007 steps have finished
7008 steps have finished
7009 steps have finished
7010 steps have finished
7011 steps have finished
7012 steps have finished
7013 steps have finished
7014 steps have finished
7015 steps have finished
7016 steps have finished
7017 steps have finished
7018 steps have finished
7019 steps have finished
7020 steps have finished
7021 steps have finished
7022 steps have finished
7023 steps have finished
7024 steps have finished
7025 steps have finished
7026 steps have finished
7027 steps have finished
7028 steps have finished
7029 steps have finished
7030 steps have finished
7031 steps have finished
7032 steps have finished
7033 steps have finished
7034 steps have finished
7035 steps have finished
7036 steps have finished
7037 steps have finished
7038 steps have finished
7039 steps have finished
7040 steps have finished
7041 steps have finished
7042 steps have finished
7043 steps have finished
7044 steps have finished
7045 steps have finished
7046 steps have finished
7047 steps have finished
7048 steps have finished
7049 steps have finished
7050 steps have finished
7051 steps have finished
7052 steps have finished
7053 steps have finished
7054 steps have finished
7055 steps have finished
7056 steps have finished
7057 steps have finished
7058 steps have finished
7059 steps have finished
7060 steps have finished
7061 steps have finished
7062 steps have finished
7063 steps have finished
7064 steps have finished
7065 steps have finished
7066 steps have finished
7067 steps have finished
7068 steps have finished
7069 steps have finished
7070 steps have finished
7071 steps have finished
7072 steps have finished
7073 steps have finished
7074 steps have finished
7075 steps have finished
7076 steps have finished
7077 steps have finished
7078 steps have finished
7079 steps have finished
7080 steps have finished
7081 steps have finished
7082 steps have finished
7083 steps have finished
7084 steps have finished
7085 steps have finished
7086 steps have finished
7087 steps have finished
7088 steps have finished
7089 steps have finished
7090 steps have finished
7091 steps have finished
7092 steps have finished
7093 steps have finished
7094 steps have finished
7095 steps have finished
7096 steps have finished
7097 steps have finished
7098 steps have finished
7099 steps have finished
7100 steps have finished
7101 steps have finished
7102 steps have finished
7103 steps have finished
7104 steps have finished
7105 steps have finished
7106 steps have finished
7107 steps have finished
7108 steps have finished
7109 steps have finished
7110 steps have finished
7111 steps have finished
7112 steps have finished
7113 steps have finished
7114 steps have finished
7115 steps have finished
7116 steps have finished
7117 steps have finished
7118 steps have finished
7119 steps have finished
7120 steps have finished
7121 steps have finished
7122 steps have finished
7123 steps have finished
7124 steps have finished
7125 steps have finished
7126 steps have finished
7127 steps have finished
7128 steps have finished
7129 steps have finished
7130 steps have finished
7131 steps have finished
7132 steps have finished
7133 steps have finished
7134 steps have finished
7135 steps have finished
7136 steps have finished
7137 steps have finished
7138 steps have finished
7139 steps have finished
7140 steps have finished
7141 steps have finished
7142 steps have finished
7143 steps have finished
7144 steps have finished
7145 steps have finished
7146 steps have finished
7147 steps have finished
7148 steps have finished
7149 steps have finished
7150 steps have finished
7151 steps have finished
7152 steps have finished
7153 steps have finished
7154 steps have finished
7155 steps have finished
7156 steps have finished
7157 steps have finished
7158 steps have finished
7159 steps have finished
7160 steps have finished
7161 steps have finished
7162 steps have finished
7163 steps have finished
7164 steps have finished
7165 steps have finished
7166 steps have finished
7167 steps have finished
7168 steps have finished
7169 steps have finished
7170 steps have finished
7171 steps have finished
7172 steps have finished
7173 steps have finished
7174 steps have finished
7175 steps have finished
7176 steps have finished
7177 steps have finished
7178 steps have finished
7179 steps have finished
7180 steps have finished
7181 steps have finished
7182 steps have finished
7183 steps have finished
7184 steps have finished
7185 steps have finished
7186 steps have finished
7187 steps have finished
7188 steps have finished
7189 steps have finished
7190 steps have finished
7191 steps have finished
7192 steps have finished
7193 steps have finished
7194 steps have finished
7195 steps have finished
7196 steps have finished
7197 steps have finished
7198 steps have finished
7199 steps have finished
7200 steps have finished
7201 steps have finished
7202 steps have finished
7203 steps have finished
7204 steps have finished
7205 steps have finished
7206 steps have finished
7207 steps have finished
7208 steps have finished
7209 steps have finished
7210 steps have finished
7211 steps have finished
7212 steps have finished
7213 steps have finished
7214 steps have finished
7215 steps have finished
7216 steps have finished
7217 steps have finished
7218 steps have finished
7219 steps have finished
7220 steps have finished
7221 steps have finished
7222 steps have finished
7223 steps have finished
7224 steps have finished
7225 steps have finished
7226 steps have finished
7227 steps have finished
7228 steps have finished
7229 steps have finished
7230 steps have finished
7231 steps have finished
7232 steps have finished
7233 steps have finished
7234 steps have finished
7235 steps have finished
7236 steps have finished
7237 steps have finished
7238 steps have finished
7239 steps have finished
7240 steps have finished
7241 steps have finished
7242 steps have finished
7243 steps have finished
7244 steps have finished
7245 steps have finished
7246 steps have finished
7247 steps have finished
7248 steps have finished
7249 steps have finished
7250 steps have finished
7251 steps have finished
7252 steps have finished
7253 steps have finished
7254 steps have finished
7255 steps have finished
7256 steps have finished
7257 steps have finished
7258 steps have finished
7259 steps have finished
7260 steps have finished
7261 steps have finished
7262 steps have finished
7263 steps have finished
7264 steps have finished
7265 steps have finished
7266 steps have finished
7267 steps have finished
7268 steps have finished
7269 steps have finished
7270 steps have finished
7271 steps have finished
7272 steps have finished
7273 steps have finished
7274 steps have finished
7275 steps have finished
7276 steps have finished
7277 steps have finished
7278 steps have finished
7279 steps have finished
7280 steps have finished
7281 steps have finished
7282 steps have finished
7283 steps have finished
7284 steps have finished
7285 steps have finished
7286 steps have finished
7287 steps have finished
7288 steps have finished
7289 steps have finished
7290 steps have finished
7291 steps have finished
7292 steps have finished
7293 steps have finished
7294 steps have finished
7295 steps have finished
7296 steps have finished
7297 steps have finished
7298 steps have finished
7299 steps have finished
7300 steps have finished
7301 steps have finished
7302 steps have finished
7303 steps have finished
7304 steps have finished
7305 steps have finished
7306 steps have finished
7307 steps have finished
7308 steps have finished
7309 steps have finished
7310 steps have finished
7311 steps have finished
7312 steps have finished
7313 steps have finished
7314 steps have finished
7315 steps have finished
7316 steps have finished
7317 steps have finished
7318 steps have finished
7319 steps have finished
7320 steps have finished
7321 steps have finished
7322 steps have finished
7323 steps have finished
7324 steps have finished
7325 steps have finished
7326 steps have finished
7327 steps have finished
7328 steps have finished
7329 steps have finished
7330 steps have finished
7331 steps have finished
7332 steps have finished
7333 steps have finished
7334 steps have finished
7335 steps have finished
7336 steps have finished
7337 steps have finished
7338 steps have finished
7339 steps have finished
7340 steps have finished
7341 steps have finished
7342 steps have finished
7343 steps have finished
7344 steps have finished
7345 steps have finished
7346 steps have finished
7347 steps have finished
7348 steps have finished
7349 steps have finished
7350 steps have finished
7351 steps have finished
7352 steps have finished
7353 steps have finished
7354 steps have finished
7355 steps have finished
7356 steps have finished
7357 steps have finished
7358 steps have finished
7359 steps have finished
7360 steps have finished
7361 steps have finished
7362 steps have finished
7363 steps have finished
7364 steps have finished
7365 steps have finished
7366 steps have finished
7367 steps have finished
7368 steps have finished
7369 steps have finished
7370 steps have finished
7371 steps have finished
7372 steps have finished
7373 steps have finished
7374 steps have finished
7375 steps have finished
7376 steps have finished
7377 steps have finished
7378 steps have finished
7379 steps have finished
7380 steps have finished
7381 steps have finished
7382 steps have finished
7383 steps have finished
7384 steps have finished
7385 steps have finished
7386 steps have finished
7387 steps have finished
7388 steps have finished
7389 steps have finished
7390 steps have finished
7391 steps have finished
7392 steps have finished
7393 steps have finished
7394 steps have finished
7395 steps have finished
7396 steps have finished
7397 steps have finished
7398 steps have finished
7399 steps have finished
7400 steps have finished
7401 steps have finished
7402 steps have finished
7403 steps have finished
7404 steps have finished
7405 steps have finished
7406 steps have finished
7407 steps have finished
7408 steps have finished
7409 steps have finished
7410 steps have finished
7411 steps have finished
7412 steps have finished
7413 steps have finished
7414 steps have finished
7415 steps have finished
7416 steps have finished
7417 steps have finished
7418 steps have finished
7419 steps have finished
7420 steps have finished
7421 steps have finished
7422 steps have finished
7423 steps have finished
7424 steps have finished
7425 steps have finished
7426 steps have finished
7427 steps have finished
7428 steps have finished
7429 steps have finished
7430 steps have finished
7431 steps have finished
7432 steps have finished
7433 steps have finished
7434 steps have finished
7435 steps have finished
7436 steps have finished
7437 steps have finished
7438 steps have finished
7439 steps have finished
7440 steps have finished
7441 steps have finished
7442 steps have finished
7443 steps have finished
7444 steps have finished
7445 steps have finished
7446 steps have finished
7447 steps have finished
7448 steps have finished
7449 steps have finished
7450 steps have finished
7451 steps have finished
7452 steps have finished
7453 steps have finished
7454 steps have finished
7455 steps have finished
7456 steps have finished
7457 steps have finished
7458 steps have finished
7459 steps have finished
7460 steps have finished
7461 steps have finished
7462 steps have finished
7463 steps have finished
7464 steps have finished
7465 steps have finished
7466 steps have finished
7467 steps have finished
7468 steps have finished
7469 steps have finished
7470 steps have finished
7471 steps have finished
7472 steps have finished
7473 steps have finished
7474 steps have finished
7475 steps have finished
7476 steps have finished
7477 steps have finished
7478 steps have finished
7479 steps have finished
7480 steps have finished
7481 steps have finished
7482 steps have finished
7483 steps have finished
7484 steps have finished
7485 steps have finished
7486 steps have finished
7487 steps have finished
7488 steps have finished
7489 steps have finished
7490 steps have finished
7491 steps have finished
7492 steps have finished
7493 steps have finished
7494 steps have finished
7495 steps have finished
7496 steps have finished
7497 steps have finished
7498 steps have finished
7499 steps have finished
7500 steps have finished
7501 steps have finished
7502 steps have finished
7503 steps have finished
7504 steps have finished
7505 steps have finished
7506 steps have finished
7507 steps have finished
7508 steps have finished
7509 steps have finished
7510 steps have finished
7511 steps have finished
7512 steps have finished
7513 steps have finished
7514 steps have finished
7515 steps have finished
7516 steps have finished
7517 steps have finished
7518 steps have finished
7519 steps have finished
7520 steps have finished
7521 steps have finished
7522 steps have finished
7523 steps have finished
7524 steps have finished
7525 steps have finished
7526 steps have finished
7527 steps have finished
7528 steps have finished
7529 steps have finished
7530 steps have finished
7531 steps have finished
7532 steps have finished
7533 steps have finished
7534 steps have finished
7535 steps have finished
7536 steps have finished
7537 steps have finished
7538 steps have finished
7539 steps have finished
7540 steps have finished
7541 steps have finished
7542 steps have finished
7543 steps have finished
7544 steps have finished
7545 steps have finished
7546 steps have finished
7547 steps have finished
7548 steps have finished
7549 steps have finished
7550 steps have finished
7551 steps have finished
7552 steps have finished
7553 steps have finished
7554 steps have finished
7555 steps have finished
7556 steps have finished
7557 steps have finished
7558 steps have finished
7559 steps have finished
7560 steps have finished
7561 steps have finished
7562 steps have finished
7563 steps have finished
7564 steps have finished
7565 steps have finished
7566 steps have finished
7567 steps have finished
7568 steps have finished
7569 steps have finished
7570 steps have finished
7571 steps have finished
7572 steps have finished
7573 steps have finished
7574 steps have finished
7575 steps have finished
7576 steps have finished
7577 steps have finished
7578 steps have finished
7579 steps have finished
7580 steps have finished
7581 steps have finished
7582 steps have finished
7583 steps have finished
7584 steps have finished
7585 steps have finished
7586 steps have finished
7587 steps have finished
7588 steps have finished
7589 steps have finished
7590 steps have finished
7591 steps have finished
7592 steps have finished
7593 steps have finished
7594 steps have finished
7595 steps have finished
7596 steps have finished
7597 steps have finished
7598 steps have finished
7599 steps have finished
7600 steps have finished
7601 steps have finished
7602 steps have finished
7603 steps have finished
7604 steps have finished
7605 steps have finished
7606 steps have finished
7607 steps have finished
7608 steps have finished
7609 steps have finished
7610 steps have finished
7611 steps have finished
7612 steps have finished
7613 steps have finished
7614 steps have finished
7615 steps have finished
7616 steps have finished
7617 steps have finished
7618 steps have finished
7619 steps have finished
7620 steps have finished
7621 steps have finished
7622 steps have finished
7623 steps have finished
7624 steps have finished
7625 steps have finished
7626 steps have finished
7627 steps have finished
7628 steps have finished
7629 steps have finished
7630 steps have finished
7631 steps have finished
7632 steps have finished
7633 steps have finished
7634 steps have finished
7635 steps have finished
7636 steps have finished
7637 steps have finished
7638 steps have finished
7639 steps have finished
7640 steps have finished
7641 steps have finished
7642 steps have finished
7643 steps have finished
7644 steps have finished
7645 steps have finished
7646 steps have finished
7647 steps have finished
7648 steps have finished
7649 steps have finished
7650 steps have finished
7651 steps have finished
7652 steps have finished
7653 steps have finished
7654 steps have finished
7655 steps have finished
7656 steps have finished
7657 steps have finished
7658 steps have finished
7659 steps have finished
7660 steps have finished
7661 steps have finished
7662 steps have finished
7663 steps have finished
7664 steps have finished
7665 steps have finished
7666 steps have finished
7667 steps have finished
7668 steps have finished
7669 steps have finished
7670 steps have finished
7671 steps have finished
7672 steps have finished
7673 steps have finished
7674 steps have finished
7675 steps have finished
7676 steps have finished
7677 steps have finished
7678 steps have finished
7679 steps have finished
7680 steps have finished
7681 steps have finished
7682 steps have finished
7683 steps have finished
7684 steps have finished
7685 steps have finished
7686 steps have finished
7687 steps have finished
7688 steps have finished
7689 steps have finished
7690 steps have finished
7691 steps have finished
7692 steps have finished
7693 steps have finished
7694 steps have finished
7695 steps have finished
7696 steps have finished
7697 steps have finished
7698 steps have finished
7699 steps have finished
7700 steps have finished
7701 steps have finished
7702 steps have finished
7703 steps have finished
7704 steps have finished
7705 steps have finished
7706 steps have finished
7707 steps have finished
7708 steps have finished
7709 steps have finished
7710 steps have finished
7711 steps have finished
7712 steps have finished
7713 steps have finished
7714 steps have finished
7715 steps have finished
7716 steps have finished
7717 steps have finished
7718 steps have finished
7719 steps have finished
7720 steps have finished
7721 steps have finished
7722 steps have finished
7723 steps have finished
7724 steps have finished
7725 steps have finished
7726 steps have finished
7727 steps have finished
7728 steps have finished
7729 steps have finished
7730 steps have finished
7731 steps have finished
7732 steps have finished
7733 steps have finished
7734 steps have finished
7735 steps have finished
7736 steps have finished
7737 steps have finished
7738 steps have finished
7739 steps have finished
7740 steps have finished
7741 steps have finished
7742 steps have finished
7743 steps have finished
7744 steps have finished
7745 steps have finished
7746 steps have finished
7747 steps have finished
7748 steps have finished
7749 steps have finished
7750 steps have finished
7751 steps have finished
7752 steps have finished
7753 steps have finished
7754 steps have finished
7755 steps have finished
7756 steps have finished
7757 steps have finished
7758 steps have finished
7759 steps have finished
7760 steps have finished
7761 steps have finished
7762 steps have finished
7763 steps have finished
7764 steps have finished
7765 steps have finished
7766 steps have finished
7767 steps have finished
7768 steps have finished
7769 steps have finished
7770 steps have finished
7771 steps have finished
7772 steps have finished
7773 steps have finished
7774 steps have finished
7775 steps have finished
7776 steps have finished
7777 steps have finished
7778 steps have finished
7779 steps have finished
7780 steps have finished
7781 steps have finished
7782 steps have finished
7783 steps have finished
7784 steps have finished
7785 steps have finished
7786 steps have finished
7787 steps have finished
7788 steps have finished
7789 steps have finished
7790 steps have finished
7791 steps have finished
7792 steps have finished
7793 steps have finished
7794 steps have finished
7795 steps have finished
7796 steps have finished
7797 steps have finished
7798 steps have finished
7799 steps have finished
7800 steps have finished
7801 steps have finished
7802 steps have finished
7803 steps have finished
7804 steps have finished
7805 steps have finished
7806 steps have finished
7807 steps have finished
7808 steps have finished
7809 steps have finished
7810 steps have finished
7811 steps have finished
7812 steps have finished
7813 steps have finished
7814 steps have finished
7815 steps have finished
7816 steps have finished
7817 steps have finished
7818 steps have finished
7819 steps have finished
7820 steps have finished
7821 steps have finished
7822 steps have finished
7823 steps have finished
7824 steps have finished
7825 steps have finished
7826 steps have finished
7827 steps have finished
7828 steps have finished
7829 steps have finished
7830 steps have finished
7831 steps have finished
7832 steps have finished
7833 steps have finished
7834 steps have finished
7835 steps have finished
7836 steps have finished
7837 steps have finished
7838 steps have finished
7839 steps have finished
7840 steps have finished
7841 steps have finished
7842 steps have finished
7843 steps have finished
7844 steps have finished
7845 steps have finished
7846 steps have finished
7847 steps have finished
7848 steps have finished
7849 steps have finished
7850 steps have finished
7851 steps have finished
7852 steps have finished
7853 steps have finished
7854 steps have finished
7855 steps have finished
7856 steps have finished
7857 steps have finished
7858 steps have finished
7859 steps have finished
7860 steps have finished
7861 steps have finished
7862 steps have finished
7863 steps have finished
7864 steps have finished
7865 steps have finished
7866 steps have finished
7867 steps have finished
7868 steps have finished
7869 steps have finished
7870 steps have finished
7871 steps have finished
7872 steps have finished
7873 steps have finished
7874 steps have finished
7875 steps have finished
7876 steps have finished
7877 steps have finished
7878 steps have finished
7879 steps have finished
7880 steps have finished
7881 steps have finished
7882 steps have finished
7883 steps have finished
7884 steps have finished
7885 steps have finished
7886 steps have finished
7887 steps have finished
7888 steps have finished
7889 steps have finished
7890 steps have finished
7891 steps have finished
7892 steps have finished
7893 steps have finished
7894 steps have finished
7895 steps have finished
7896 steps have finished
7897 steps have finished
7898 steps have finished
7899 steps have finished
7900 steps have finished
7901 steps have finished
7902 steps have finished
7903 steps have finished
7904 steps have finished
7905 steps have finished
7906 steps have finished
7907 steps have finished
7908 steps have finished
7909 steps have finished
7910 steps have finished
7911 steps have finished
7912 steps have finished
7913 steps have finished
7914 steps have finished
7915 steps have finished
7916 steps have finished
7917 steps have finished
7918 steps have finished
7919 steps have finished
7920 steps have finished
7921 steps have finished
7922 steps have finished
7923 steps have finished
7924 steps have finished
7925 steps have finished
7926 steps have finished
7927 steps have finished
7928 steps have finished
7929 steps have finished
7930 steps have finished
7931 steps have finished
7932 steps have finished
7933 steps have finished
7934 steps have finished
7935 steps have finished
7936 steps have finished
7937 steps have finished
7938 steps have finished
7939 steps have finished
7940 steps have finished
7941 steps have finished
7942 steps have finished
7943 steps have finished
7944 steps have finished
7945 steps have finished
7946 steps have finished
7947 steps have finished
7948 steps have finished
7949 steps have finished
7950 steps have finished
7951 steps have finished
7952 steps have finished
7953 steps have finished
7954 steps have finished
7955 steps have finished
7956 steps have finished
7957 steps have finished
7958 steps have finished
7959 steps have finished
7960 steps have finished
7961 steps have finished
7962 steps have finished
7963 steps have finished
7964 steps have finished
7965 steps have finished
7966 steps have finished
7967 steps have finished
7968 steps have finished
7969 steps have finished
7970 steps have finished
7971 steps have finished
7972 steps have finished
7973 steps have finished
7974 steps have finished
7975 steps have finished
7976 steps have finished
7977 steps have finished
7978 steps have finished
7979 steps have finished
7980 steps have finished
7981 steps have finished
7982 steps have finished
7983 steps have finished
7984 steps have finished
7985 steps have finished
7986 steps have finished
7987 steps have finished
7988 steps have finished
7989 steps have finished
7990 steps have finished
7991 steps have finished
7992 steps have finished
7993 steps have finished
7994 steps have finished
7995 steps have finished
7996 steps have finished
7997 steps have finished
7998 steps have finished
7999 steps have finished
8000 steps have finished
8001 steps have finished
8002 steps have finished
8003 steps have finished
8004 steps have finished
8005 steps have finished
8006 steps have finished
8007 steps have finished
8008 steps have finished
8009 steps have finished
8010 steps have finished
8011 steps have finished
8012 steps have finished
8013 steps have finished
8014 steps have finished
8015 steps have finished
8016 steps have finished
8017 steps have finished
8018 steps have finished
8019 steps have finished
8020 steps have finished
8021 steps have finished
8022 steps have finished
8023 steps have finished
8024 steps have finished
8025 steps have finished
8026 steps have finished
8027 steps have finished
8028 steps have finished
8029 steps have finished
8030 steps have finished
8031 steps have finished
8032 steps have finished
8033 steps have finished
8034 steps have finished
8035 steps have finished
8036 steps have finished
8037 steps have finished
8038 steps have finished
8039 steps have finished
8040 steps have finished
8041 steps have finished
8042 steps have finished
8043 steps have finished
8044 steps have finished
8045 steps have finished
8046 steps have finished
8047 steps have finished
8048 steps have finished
8049 steps have finished
8050 steps have finished
8051 steps have finished
8052 steps have finished
8053 steps have finished
8054 steps have finished
8055 steps have finished
8056 steps have finished
8057 steps have finished
8058 steps have finished
8059 steps have finished
8060 steps have finished
8061 steps have finished
8062 steps have finished
8063 steps have finished
8064 steps have finished
8065 steps have finished
8066 steps have finished
8067 steps have finished
8068 steps have finished
8069 steps have finished
8070 steps have finished
8071 steps have finished
8072 steps have finished
8073 steps have finished
8074 steps have finished
8075 steps have finished
8076 steps have finished
8077 steps have finished
8078 steps have finished
8079 steps have finished
8080 steps have finished
8081 steps have finished
8082 steps have finished
8083 steps have finished
8084 steps have finished
8085 steps have finished
8086 steps have finished
8087 steps have finished
8088 steps have finished
8089 steps have finished
8090 steps have finished
8091 steps have finished
8092 steps have finished
8093 steps have finished
8094 steps have finished
8095 steps have finished
8096 steps have finished
8097 steps have finished
8098 steps have finished
8099 steps have finished
8100 steps have finished
8101 steps have finished
8102 steps have finished
8103 steps have finished
8104 steps have finished
8105 steps have finished
8106 steps have finished
8107 steps have finished
8108 steps have finished
8109 steps have finished
8110 steps have finished
8111 steps have finished
8112 steps have finished
8113 steps have finished
8114 steps have finished
8115 steps have finished
8116 steps have finished
8117 steps have finished
8118 steps have finished
8119 steps have finished
8120 steps have finished
8121 steps have finished
8122 steps have finished
8123 steps have finished
8124 steps have finished
8125 steps have finished
8126 steps have finished
8127 steps have finished
8128 steps have finished
8129 steps have finished
8130 steps have finished
8131 steps have finished
8132 steps have finished
8133 steps have finished
8134 steps have finished
8135 steps have finished
8136 steps have finished
8137 steps have finished
8138 steps have finished
8139 steps have finished
8140 steps have finished
8141 steps have finished
8142 steps have finished
8143 steps have finished
8144 steps have finished
8145 steps have finished
8146 steps have finished
8147 steps have finished
8148 steps have finished
8149 steps have finished
8150 steps have finished
8151 steps have finished
8152 steps have finished
8153 steps have finished
8154 steps have finished
8155 steps have finished
8156 steps have finished
8157 steps have finished
8158 steps have finished
8159 steps have finished
8160 steps have finished
8161 steps have finished
8162 steps have finished
8163 steps have finished
8164 steps have finished
8165 steps have finished
8166 steps have finished
8167 steps have finished
8168 steps have finished
8169 steps have finished
8170 steps have finished
8171 steps have finished
8172 steps have finished
8173 steps have finished
8174 steps have finished
8175 steps have finished
8176 steps have finished
8177 steps have finished
8178 steps have finished
8179 steps have finished
8180 steps have finished
8181 steps have finished
8182 steps have finished
8183 steps have finished
8184 steps have finished
8185 steps have finished
8186 steps have finished
8187 steps have finished
8188 steps have finished
8189 steps have finished
8190 steps have finished
8191 steps have finished
8192 steps have finished
8193 steps have finished
8194 steps have finished
8195 steps have finished
8196 steps have finished
8197 steps have finished
8198 steps have finished
8199 steps have finished
8200 steps have finished
8201 steps have finished
8202 steps have finished
8203 steps have finished
8204 steps have finished
8205 steps have finished
8206 steps have finished
8207 steps have finished
8208 steps have finished
8209 steps have finished
8210 steps have finished
8211 steps have finished
8212 steps have finished
8213 steps have finished
8214 steps have finished
8215 steps have finished
8216 steps have finished
8217 steps have finished
8218 steps have finished
8219 steps have finished
8220 steps have finished
8221 steps have finished
8222 steps have finished
8223 steps have finished
8224 steps have finished
8225 steps have finished
8226 steps have finished
8227 steps have finished
8228 steps have finished
8229 steps have finished
8230 steps have finished
8231 steps have finished
8232 steps have finished
8233 steps have finished
8234 steps have finished
8235 steps have finished
8236 steps have finished
8237 steps have finished
8238 steps have finished
8239 steps have finished
8240 steps have finished
8241 steps have finished
8242 steps have finished
8243 steps have finished
8244 steps have finished
8245 steps have finished
8246 steps have finished
8247 steps have finished
8248 steps have finished
8249 steps have finished
8250 steps have finished
8251 steps have finished
8252 steps have finished
8253 steps have finished
8254 steps have finished
8255 steps have finished
8256 steps have finished
8257 steps have finished
8258 steps have finished
8259 steps have finished
8260 steps have finished
8261 steps have finished
8262 steps have finished
8263 steps have finished
8264 steps have finished
8265 steps have finished
8266 steps have finished
8267 steps have finished
8268 steps have finished
8269 steps have finished
8270 steps have finished
8271 steps have finished
8272 steps have finished
8273 steps have finished
8274 steps have finished
8275 steps have finished
8276 steps have finished
8277 steps have finished
8278 steps have finished
8279 steps have finished
8280 steps have finished
8281 steps have finished
8282 steps have finished
8283 steps have finished
8284 steps have finished
8285 steps have finished
8286 steps have finished
8287 steps have finished
8288 steps have finished
8289 steps have finished
8290 steps have finished
8291 steps have finished
8292 steps have finished
8293 steps have finished
8294 steps have finished
8295 steps have finished
8296 steps have finished
8297 steps have finished
8298 steps have finished
8299 steps have finished
8300 steps have finished
8301 steps have finished
8302 steps have finished
8303 steps have finished
8304 steps have finished
8305 steps have finished
8306 steps have finished
8307 steps have finished
8308 steps have finished
8309 steps have finished
8310 steps have finished
8311 steps have finished
8312 steps have finished
8313 steps have finished
8314 steps have finished
8315 steps have finished
8316 steps have finished
8317 steps have finished
8318 steps have finished
8319 steps have finished
8320 steps have finished
8321 steps have finished
8322 steps have finished
8323 steps have finished
8324 steps have finished
8325 steps have finished
8326 steps have finished
8327 steps have finished
8328 steps have finished
8329 steps have finished
8330 steps have finished
8331 steps have finished
8332 steps have finished
8333 steps have finished
8334 steps have finished
8335 steps have finished
8336 steps have finished
8337 steps have finished
8338 steps have finished
8339 steps have finished
8340 steps have finished
8341 steps have finished
8342 steps have finished
8343 steps have finished
8344 steps have finished
8345 steps have finished
8346 steps have finished
8347 steps have finished
8348 steps have finished
8349 steps have finished
8350 steps have finished
8351 steps have finished
8352 steps have finished
8353 steps have finished
8354 steps have finished
8355 steps have finished
8356 steps have finished
8357 steps have finished
8358 steps have finished
8359 steps have finished
8360 steps have finished
8361 steps have finished
8362 steps have finished
8363 steps have finished
8364 steps have finished
8365 steps have finished
8366 steps have finished
8367 steps have finished
8368 steps have finished
8369 steps have finished
8370 steps have finished
8371 steps have finished
8372 steps have finished
8373 steps have finished
8374 steps have finished
8375 steps have finished
8376 steps have finished
8377 steps have finished
8378 steps have finished
8379 steps have finished
8380 steps have finished
8381 steps have finished
8382 steps have finished
8383 steps have finished
8384 steps have finished
8385 steps have finished
8386 steps have finished
8387 steps have finished
8388 steps have finished
8389 steps have finished
8390 steps have finished
8391 steps have finished
8392 steps have finished
8393 steps have finished
8394 steps have finished
8395 steps have finished
8396 steps have finished
8397 steps have finished
8398 steps have finished
8399 steps have finished
8400 steps have finished
8401 steps have finished
8402 steps have finished
8403 steps have finished
8404 steps have finished
8405 steps have finished
8406 steps have finished
8407 steps have finished
8408 steps have finished
8409 steps have finished
8410 steps have finished
8411 steps have finished
8412 steps have finished
8413 steps have finished
8414 steps have finished
8415 steps have finished
8416 steps have finished
8417 steps have finished
8418 steps have finished
8419 steps have finished
8420 steps have finished
8421 steps have finished
8422 steps have finished
8423 steps have finished
8424 steps have finished
8425 steps have finished
8426 steps have finished
8427 steps have finished
8428 steps have finished
8429 steps have finished
8430 steps have finished
8431 steps have finished
8432 steps have finished
8433 steps have finished
8434 steps have finished
8435 steps have finished
8436 steps have finished
8437 steps have finished
8438 steps have finished
8439 steps have finished
8440 steps have finished
8441 steps have finished
8442 steps have finished
8443 steps have finished
8444 steps have finished
8445 steps have finished
8446 steps have finished
8447 steps have finished
8448 steps have finished
8449 steps have finished
8450 steps have finished
8451 steps have finished
8452 steps have finished
8453 steps have finished
8454 steps have finished
8455 steps have finished
8456 steps have finished
8457 steps have finished
8458 steps have finished
8459 steps have finished
8460 steps have finished
8461 steps have finished
8462 steps have finished
8463 steps have finished
8464 steps have finished
8465 steps have finished
8466 steps have finished
8467 steps have finished
8468 steps have finished
8469 steps have finished
8470 steps have finished
8471 steps have finished
8472 steps have finished
8473 steps have finished
8474 steps have finished
8475 steps have finished
8476 steps have finished
8477 steps have finished
8478 steps have finished
8479 steps have finished
8480 steps have finished
8481 steps have finished
8482 steps have finished
8483 steps have finished
8484 steps have finished
8485 steps have finished
8486 steps have finished
8487 steps have finished
8488 steps have finished
8489 steps have finished
8490 steps have finished
8491 steps have finished
8492 steps have finished
8493 steps have finished
8494 steps have finished
8495 steps have finished
8496 steps have finished
8497 steps have finished
8498 steps have finished
8499 steps have finished
8500 steps have finished
8501 steps have finished
8502 steps have finished
8503 steps have finished
8504 steps have finished
8505 steps have finished
8506 steps have finished
8507 steps have finished
8508 steps have finished
8509 steps have finished
8510 steps have finished
8511 steps have finished
8512 steps have finished
8513 steps have finished
8514 steps have finished
8515 steps have finished
8516 steps have finished
8517 steps have finished
8518 steps have finished
8519 steps have finished
8520 steps have finished
8521 steps have finished
8522 steps have finished
8523 steps have finished
8524 steps have finished
8525 steps have finished
8526 steps have finished
8527 steps have finished
8528 steps have finished
8529 steps have finished
8530 steps have finished
8531 steps have finished
8532 steps have finished
8533 steps have finished
8534 steps have finished
8535 steps have finished
8536 steps have finished
8537 steps have finished
8538 steps have finished
8539 steps have finished
8540 steps have finished
8541 steps have finished
8542 steps have finished
8543 steps have finished
8544 steps have finished
8545 steps have finished
8546 steps have finished
8547 steps have finished
8548 steps have finished
8549 steps have finished
8550 steps have finished
8551 steps have finished
8552 steps have finished
8553 steps have finished
8554 steps have finished
8555 steps have finished
8556 steps have finished
8557 steps have finished
8558 steps have finished
8559 steps have finished
8560 steps have finished
8561 steps have finished
8562 steps have finished
8563 steps have finished
8564 steps have finished
8565 steps have finished
8566 steps have finished
8567 steps have finished
8568 steps have finished
8569 steps have finished
8570 steps have finished
8571 steps have finished
8572 steps have finished
8573 steps have finished
8574 steps have finished
8575 steps have finished
8576 steps have finished
8577 steps have finished
8578 steps have finished
8579 steps have finished
8580 steps have finished
8581 steps have finished
8582 steps have finished
8583 steps have finished
8584 steps have finished
8585 steps have finished
8586 steps have finished
8587 steps have finished
8588 steps have finished
8589 steps have finished
8590 steps have finished
8591 steps have finished
8592 steps have finished
8593 steps have finished
8594 steps have finished
8595 steps have finished
8596 steps have finished
8597 steps have finished
8598 steps have finished
8599 steps have finished
8600 steps have finished
8601 steps have finished
8602 steps have finished
8603 steps have finished
8604 steps have finished
8605 steps have finished
8606 steps have finished
8607 steps have finished
8608 steps have finished
8609 steps have finished
8610 steps have finished
8611 steps have finished
8612 steps have finished
8613 steps have finished
8614 steps have finished
8615 steps have finished
8616 steps have finished
8617 steps have finished
8618 steps have finished
8619 steps have finished
8620 steps have finished
8621 steps have finished
8622 steps have finished
8623 steps have finished
8624 steps have finished
8625 steps have finished
8626 steps have finished
8627 steps have finished
8628 steps have finished
8629 steps have finished
8630 steps have finished
8631 steps have finished
8632 steps have finished
8633 steps have finished
8634 steps have finished
8635 steps have finished
8636 steps have finished
8637 steps have finished
8638 steps have finished
8639 steps have finished
8640 steps have finished
8641 steps have finished
8642 steps have finished
8643 steps have finished
8644 steps have finished
8645 steps have finished
8646 steps have finished
8647 steps have finished
8648 steps have finished
8649 steps have finished
8650 steps have finished
8651 steps have finished
8652 steps have finished
8653 steps have finished
8654 steps have finished
8655 steps have finished
8656 steps have finished
8657 steps have finished
8658 steps have finished
8659 steps have finished
8660 steps have finished
8661 steps have finished
8662 steps have finished
8663 steps have finished
8664 steps have finished
8665 steps have finished
8666 steps have finished
8667 steps have finished
8668 steps have finished
8669 steps have finished
8670 steps have finished
8671 steps have finished
8672 steps have finished
8673 steps have finished
8674 steps have finished
8675 steps have finished
8676 steps have finished
8677 steps have finished
8678 steps have finished
8679 steps have finished
8680 steps have finished
8681 steps have finished
8682 steps have finished
8683 steps have finished
8684 steps have finished
8685 steps have finished
8686 steps have finished
8687 steps have finished
8688 steps have finished
8689 steps have finished
8690 steps have finished
8691 steps have finished
8692 steps have finished
8693 steps have finished
8694 steps have finished
8695 steps have finished
8696 steps have finished
8697 steps have finished
8698 steps have finished
8699 steps have finished
8700 steps have finished
8701 steps have finished
8702 steps have finished
8703 steps have finished
8704 steps have finished
8705 steps have finished
8706 steps have finished
8707 steps have finished
8708 steps have finished
8709 steps have finished
8710 steps have finished
8711 steps have finished
8712 steps have finished
8713 steps have finished
8714 steps have finished
8715 steps have finished
8716 steps have finished
8717 steps have finished
8718 steps have finished
8719 steps have finished
8720 steps have finished
8721 steps have finished
8722 steps have finished
8723 steps have finished
8724 steps have finished
8725 steps have finished
8726 steps have finished
8727 steps have finished
8728 steps have finished
8729 steps have finished
8730 steps have finished
8731 steps have finished
8732 steps have finished
8733 steps have finished
8734 steps have finished
8735 steps have finished
8736 steps have finished
8737 steps have finished
8738 steps have finished
8739 steps have finished
8740 steps have finished
8741 steps have finished
8742 steps have finished
8743 steps have finished
8744 steps have finished
8745 steps have finished
8746 steps have finished
8747 steps have finished
8748 steps have finished
8749 steps have finished
8750 steps have finished
8751 steps have finished
8752 steps have finished
8753 steps have finished
8754 steps have finished
8755 steps have finished
8756 steps have finished
8757 steps have finished
8758 steps have finished
8759 steps have finished
8760 steps have finished
8761 steps have finished
8762 steps have finished
8763 steps have finished
8764 steps have finished
8765 steps have finished
8766 steps have finished
8767 steps have finished
8768 steps have finished
8769 steps have finished
8770 steps have finished
8771 steps have finished
8772 steps have finished
8773 steps have finished
8774 steps have finished
8775 steps have finished
8776 steps have finished
8777 steps have finished
8778 steps have finished
8779 steps have finished
8780 steps have finished
8781 steps have finished
8782 steps have finished
8783 steps have finished
8784 steps have finished
8785 steps have finished
8786 steps have finished
8787 steps have finished
8788 steps have finished
8789 steps have finished
8790 steps have finished
8791 steps have finished
8792 steps have finished
8793 steps have finished
8794 steps have finished
8795 steps have finished
8796 steps have finished
8797 steps have finished
8798 steps have finished
8799 steps have finished
8800 steps have finished
8801 steps have finished
8802 steps have finished
8803 steps have finished
8804 steps have finished
8805 steps have finished
8806 steps have finished
8807 steps have finished
8808 steps have finished
8809 steps have finished
8810 steps have finished
8811 steps have finished
8812 steps have finished
8813 steps have finished
8814 steps have finished
8815 steps have finished
8816 steps have finished
8817 steps have finished
8818 steps have finished
8819 steps have finished
8820 steps have finished
8821 steps have finished
8822 steps have finished
8823 steps have finished
8824 steps have finished
8825 steps have finished
8826 steps have finished
8827 steps have finished
8828 steps have finished
8829 steps have finished
8830 steps have finished
8831 steps have finished
8832 steps have finished
8833 steps have finished
8834 steps have finished
8835 steps have finished
8836 steps have finished
8837 steps have finished
8838 steps have finished
8839 steps have finished
8840 steps have finished
8841 steps have finished
8842 steps have finished
8843 steps have finished
8844 steps have finished
8845 steps have finished
8846 steps have finished
8847 steps have finished
8848 steps have finished
8849 steps have finished
8850 steps have finished
8851 steps have finished
8852 steps have finished
8853 steps have finished
8854 steps have finished
8855 steps have finished
8856 steps have finished
8857 steps have finished
8858 steps have finished
8859 steps have finished
8860 steps have finished
8861 steps have finished
8862 steps have finished
8863 steps have finished
8864 steps have finished
8865 steps have finished
8866 steps have finished
8867 steps have finished
8868 steps have finished
8869 steps have finished
8870 steps have finished
8871 steps have finished
8872 steps have finished
8873 steps have finished
8874 steps have finished
8875 steps have finished
8876 steps have finished
8877 steps have finished
8878 steps have finished
8879 steps have finished
8880 steps have finished
8881 steps have finished
8882 steps have finished
8883 steps have finished
8884 steps have finished
8885 steps have finished
8886 steps have finished
8887 steps have finished
8888 steps have finished
8889 steps have finished
8890 steps have finished
8891 steps have finished
8892 steps have finished
8893 steps have finished
8894 steps have finished
8895 steps have finished
8896 steps have finished
8897 steps have finished
8898 steps have finished
8899 steps have finished
8900 steps have finished
8901 steps have finished
8902 steps have finished
8903 steps have finished
8904 steps have finished
8905 steps have finished
8906 steps have finished
8907 steps have finished
8908 steps have finished
8909 steps have finished
8910 steps have finished
8911 steps have finished
8912 steps have finished
8913 steps have finished
8914 steps have finished
8915 steps have finished
8916 steps have finished
8917 steps have finished
8918 steps have finished
8919 steps have finished
8920 steps have finished
8921 steps have finished
8922 steps have finished
8923 steps have finished
8924 steps have finished
8925 steps have finished
8926 steps have finished
8927 steps have finished
8928 steps have finished
8929 steps have finished
8930 steps have finished
8931 steps have finished
8932 steps have finished
8933 steps have finished
8934 steps have finished
8935 steps have finished
8936 steps have finished
8937 steps have finished
8938 steps have finished
8939 steps have finished
8940 steps have finished
8941 steps have finished
8942 steps have finished
8943 steps have finished
8944 steps have finished
8945 steps have finished
8946 steps have finished
8947 steps have finished
8948 steps have finished
8949 steps have finished
8950 steps have finished
8951 steps have finished
8952 steps have finished
8953 steps have finished
8954 steps have finished
8955 steps have finished
8956 steps have finished
8957 steps have finished
8958 steps have finished
8959 steps have finished
8960 steps have finished
8961 steps have finished
8962 steps have finished
8963 steps have finished
8964 steps have finished
8965 steps have finished
8966 steps have finished
8967 steps have finished
8968 steps have finished
8969 steps have finished
8970 steps have finished
8971 steps have finished
8972 steps have finished
8973 steps have finished
8974 steps have finished
8975 steps have finished
8976 steps have finished
8977 steps have finished
8978 steps have finished
8979 steps have finished
8980 steps have finished
8981 steps have finished
8982 steps have finished
8983 steps have finished
8984 steps have finished
8985 steps have finished
8986 steps have finished
8987 steps have finished
8988 steps have finished
8989 steps have finished
8990 steps have finished
8991 steps have finished
8992 steps have finished
8993 steps have finished
8994 steps have finished
8995 steps have finished
8996 steps have finished
8997 steps have finished
8998 steps have finished
8999 steps have finished
9000 steps have finished
9001 steps have finished
9002 steps have finished
9003 steps have finished
9004 steps have finished
9005 steps have finished
9006 steps have finished
9007 steps have finished
9008 steps have finished
9009 steps have finished
9010 steps have finished
9011 steps have finished
9012 steps have finished
9013 steps have finished
9014 steps have finished
9015 steps have finished
9016 steps have finished
9017 steps have finished
9018 steps have finished
9019 steps have finished
9020 steps have finished
9021 steps have finished
9022 steps have finished
9023 steps have finished
9024 steps have finished
9025 steps have finished
9026 steps have finished
9027 steps have finished
9028 steps have finished
9029 steps have finished
9030 steps have finished
9031 steps have finished
9032 steps have finished
9033 steps have finished
9034 steps have finished
9035 steps have finished
9036 steps have finished
9037 steps have finished
9038 steps have finished
9039 steps have finished
9040 steps have finished
9041 steps have finished
9042 steps have finished
9043 steps have finished
9044 steps have finished
9045 steps have finished
9046 steps have finished
9047 steps have finished
9048 steps have finished
9049 steps have finished
9050 steps have finished
9051 steps have finished
9052 steps have finished
9053 steps have finished
9054 steps have finished
9055 steps have finished
9056 steps have finished
9057 steps have finished
9058 steps have finished
9059 steps have finished
9060 steps have finished
9061 steps have finished
9062 steps have finished
9063 steps have finished
9064 steps have finished
9065 steps have finished
9066 steps have finished
9067 steps have finished
9068 steps have finished
9069 steps have finished
9070 steps have finished
9071 steps have finished
9072 steps have finished
9073 steps have finished
9074 steps have finished
9075 steps have finished
9076 steps have finished
9077 steps have finished
9078 steps have finished
9079 steps have finished
9080 steps have finished
9081 steps have finished
9082 steps have finished
9083 steps have finished
9084 steps have finished
9085 steps have finished
9086 steps have finished
9087 steps have finished
9088 steps have finished
9089 steps have finished
9090 steps have finished
9091 steps have finished
9092 steps have finished
9093 steps have finished
9094 steps have finished
9095 steps have finished
9096 steps have finished
9097 steps have finished
9098 steps have finished
9099 steps have finished
9100 steps have finished
9101 steps have finished
9102 steps have finished
9103 steps have finished
9104 steps have finished
9105 steps have finished
9106 steps have finished
9107 steps have finished
9108 steps have finished
9109 steps have finished
9110 steps have finished
9111 steps have finished
9112 steps have finished
9113 steps have finished
9114 steps have finished
9115 steps have finished
9116 steps have finished
9117 steps have finished
9118 steps have finished
9119 steps have finished
9120 steps have finished
9121 steps have finished
9122 steps have finished
9123 steps have finished
9124 steps have finished
9125 steps have finished
9126 steps have finished
9127 steps have finished
9128 steps have finished
9129 steps have finished
9130 steps have finished
9131 steps have finished
9132 steps have finished
9133 steps have finished
9134 steps have finished
9135 steps have finished
9136 steps have finished
9137 steps have finished
9138 steps have finished
9139 steps have finished
9140 steps have finished
9141 steps have finished
9142 steps have finished
9143 steps have finished
9144 steps have finished
9145 steps have finished
9146 steps have finished
9147 steps have finished
9148 steps have finished
9149 steps have finished
9150 steps have finished
9151 steps have finished
9152 steps have finished
9153 steps have finished
9154 steps have finished
9155 steps have finished
9156 steps have finished
9157 steps have finished
9158 steps have finished
9159 steps have finished
9160 steps have finished
9161 steps have finished
9162 steps have finished
9163 steps have finished
9164 steps have finished
9165 steps have finished
9166 steps have finished
9167 steps have finished
9168 steps have finished
9169 steps have finished
9170 steps have finished
9171 steps have finished
9172 steps have finished
9173 steps have finished
9174 steps have finished
9175 steps have finished
9176 steps have finished
9177 steps have finished
9178 steps have finished
9179 steps have finished
9180 steps have finished
9181 steps have finished
9182 steps have finished
9183 steps have finished
9184 steps have finished
9185 steps have finished
9186 steps have finished
9187 steps have finished
9188 steps have finished
9189 steps have finished
9190 steps have finished
9191 steps have finished
9192 steps have finished
9193 steps have finished
9194 steps have finished
9195 steps have finished
9196 steps have finished
9197 steps have finished
9198 steps have finished
9199 steps have finished
9200 steps have finished
9201 steps have finished
9202 steps have finished
9203 steps have finished
9204 steps have finished
9205 steps have finished
9206 steps have finished
9207 steps have finished
9208 steps have finished
9209 steps have finished
9210 steps have finished
9211 steps have finished
9212 steps have finished
9213 steps have finished
9214 steps have finished
9215 steps have finished
9216 steps have finished
9217 steps have finished
9218 steps have finished
9219 steps have finished
9220 steps have finished
9221 steps have finished
9222 steps have finished
9223 steps have finished
9224 steps have finished
9225 steps have finished
9226 steps have finished
9227 steps have finished
9228 steps have finished
9229 steps have finished
9230 steps have finished
9231 steps have finished
9232 steps have finished
9233 steps have finished
9234 steps have finished
9235 steps have finished
9236 steps have finished
9237 steps have finished
9238 steps have finished
9239 steps have finished
9240 steps have finished
9241 steps have finished
9242 steps have finished
9243 steps have finished
9244 steps have finished
9245 steps have finished
9246 steps have finished
9247 steps have finished
9248 steps have finished
9249 steps have finished
9250 steps have finished
9251 steps have finished
9252 steps have finished
9253 steps have finished
9254 steps have finished
9255 steps have finished
9256 steps have finished
9257 steps have finished
9258 steps have finished
9259 steps have finished
9260 steps have finished
9261 steps have finished
9262 steps have finished
9263 steps have finished
9264 steps have finished
9265 steps have finished
9266 steps have finished
9267 steps have finished
9268 steps have finished
9269 steps have finished
9270 steps have finished
9271 steps have finished
9272 steps have finished
9273 steps have finished
9274 steps have finished
9275 steps have finished
9276 steps have finished
9277 steps have finished
9278 steps have finished
9279 steps have finished
9280 steps have finished
9281 steps have finished
9282 steps have finished
9283 steps have finished
9284 steps have finished
9285 steps have finished
9286 steps have finished
9287 steps have finished
9288 steps have finished
9289 steps have finished
9290 steps have finished
9291 steps have finished
9292 steps have finished
9293 steps have finished
9294 steps have finished
9295 steps have finished
9296 steps have finished
9297 steps have finished
9298 steps have finished
9299 steps have finished
9300 steps have finished
9301 steps have finished
9302 steps have finished
9303 steps have finished
9304 steps have finished
9305 steps have finished
9306 steps have finished
9307 steps have finished
9308 steps have finished
9309 steps have finished
9310 steps have finished
9311 steps have finished
9312 steps have finished
9313 steps have finished
9314 steps have finished
9315 steps have finished
9316 steps have finished
9317 steps have finished
9318 steps have finished
9319 steps have finished
9320 steps have finished
9321 steps have finished
9322 steps have finished
9323 steps have finished
9324 steps have finished
9325 steps have finished
9326 steps have finished
9327 steps have finished
9328 steps have finished
9329 steps have finished
9330 steps have finished
9331 steps have finished
9332 steps have finished
9333 steps have finished
9334 steps have finished
9335 steps have finished
9336 steps have finished
9337 steps have finished
9338 steps have finished
9339 steps have finished
9340 steps have finished
9341 steps have finished
9342 steps have finished
9343 steps have finished
9344 steps have finished
9345 steps have finished
9346 steps have finished
9347 steps have finished
9348 steps have finished
9349 steps have finished
9350 steps have finished
9351 steps have finished
9352 steps have finished
9353 steps have finished
9354 steps have finished
9355 steps have finished
9356 steps have finished
9357 steps have finished
9358 steps have finished
9359 steps have finished
9360 steps have finished
9361 steps have finished
9362 steps have finished
9363 steps have finished
9364 steps have finished
9365 steps have finished
9366 steps have finished
9367 steps have finished
9368 steps have finished
9369 steps have finished
9370 steps have finished
9371 steps have finished
9372 steps have finished
9373 steps have finished
9374 steps have finished
9375 steps have finished
9376 steps have finished
9377 steps have finished
9378 steps have finished
9379 steps have finished
9380 steps have finished
9381 steps have finished
9382 steps have finished
9383 steps have finished
9384 steps have finished
9385 steps have finished
9386 steps have finished
9387 steps have finished
9388 steps have finished
9389 steps have finished
9390 steps have finished
9391 steps have finished
9392 steps have finished
9393 steps have finished
9394 steps have finished
9395 steps have finished
9396 steps have finished
9397 steps have finished
9398 steps have finished
9399 steps have finished
9400 steps have finished
9401 steps have finished
9402 steps have finished
9403 steps have finished
9404 steps have finished
9405 steps have finished
9406 steps have finished
9407 steps have finished
9408 steps have finished
9409 steps have finished
9410 steps have finished
9411 steps have finished
9412 steps have finished
9413 steps have finished
9414 steps have finished
9415 steps have finished
9416 steps have finished
9417 steps have finished
9418 steps have finished
9419 steps have finished
9420 steps have finished
9421 steps have finished
9422 steps have finished
9423 steps have finished
9424 steps have finished
9425 steps have finished
9426 steps have finished
9427 steps have finished
9428 steps have finished
9429 steps have finished
9430 steps have finished
9431 steps have finished
9432 steps have finished
9433 steps have finished
9434 steps have finished
9435 steps have finished
9436 steps have finished
9437 steps have finished
9438 steps have finished
9439 steps have finished
9440 steps have finished
9441 steps have finished
9442 steps have finished
9443 steps have finished
9444 steps have finished
9445 steps have finished
9446 steps have finished
9447 steps have finished
9448 steps have finished
9449 steps have finished
9450 steps have finished
9451 steps have finished
9452 steps have finished
9453 steps have finished
9454 steps have finished
9455 steps have finished
9456 steps have finished
9457 steps have finished
9458 steps have finished
9459 steps have finished
9460 steps have finished
9461 steps have finished
9462 steps have finished
9463 steps have finished
9464 steps have finished
9465 steps have finished
9466 steps have finished
9467 steps have finished
9468 steps have finished
9469 steps have finished
9470 steps have finished
9471 steps have finished
9472 steps have finished
9473 steps have finished
9474 steps have finished
9475 steps have finished
9476 steps have finished
9477 steps have finished
9478 steps have finished
9479 steps have finished
9480 steps have finished
9481 steps have finished
9482 steps have finished
9483 steps have finished
9484 steps have finished
9485 steps have finished
9486 steps have finished
9487 steps have finished
9488 steps have finished
9489 steps have finished
9490 steps have finished
9491 steps have finished
9492 steps have finished
9493 steps have finished
9494 steps have finished
9495 steps have finished
9496 steps have finished
9497 steps have finished
9498 steps have finished
9499 steps have finished
9500 steps have finished
9501 steps have finished
9502 steps have finished
9503 steps have finished
9504 steps have finished
9505 steps have finished
9506 steps have finished
9507 steps have finished
9508 steps have finished
9509 steps have finished
9510 steps have finished
9511 steps have finished
9512 steps have finished
9513 steps have finished
9514 steps have finished
9515 steps have finished
9516 steps have finished
9517 steps have finished
9518 steps have finished
9519 steps have finished
9520 steps have finished
9521 steps have finished
9522 steps have finished
9523 steps have finished
9524 steps have finished
9525 steps have finished
9526 steps have finished
9527 steps have finished
9528 steps have finished
9529 steps have finished
9530 steps have finished
9531 steps have finished
9532 steps have finished
9533 steps have finished
9534 steps have finished
9535 steps have finished
9536 steps have finished
9537 steps have finished
9538 steps have finished
9539 steps have finished
9540 steps have finished
9541 steps have finished
9542 steps have finished
9543 steps have finished
9544 steps have finished
9545 steps have finished
9546 steps have finished
9547 steps have finished
9548 steps have finished
9549 steps have finished
9550 steps have finished
9551 steps have finished
9552 steps have finished
9553 steps have finished
9554 steps have finished
9555 steps have finished
9556 steps have finished
9557 steps have finished
9558 steps have finished
9559 steps have finished
9560 steps have finished
9561 steps have finished
9562 steps have finished
9563 steps have finished
9564 steps have finished
9565 steps have finished
9566 steps have finished
9567 steps have finished
9568 steps have finished
9569 steps have finished
9570 steps have finished
9571 steps have finished
9572 steps have finished
9573 steps have finished
9574 steps have finished
9575 steps have finished
9576 steps have finished
9577 steps have finished
9578 steps have finished
9579 steps have finished
9580 steps have finished
9581 steps have finished
9582 steps have finished
9583 steps have finished
9584 steps have finished
9585 steps have finished
9586 steps have finished
9587 steps have finished
9588 steps have finished
9589 steps have finished
9590 steps have finished
9591 steps have finished
9592 steps have finished
9593 steps have finished
9594 steps have finished
9595 steps have finished
9596 steps have finished
9597 steps have finished
9598 steps have finished
9599 steps have finished
9600 steps have finished
9601 steps have finished
9602 steps have finished
9603 steps have finished
9604 steps have finished
9605 steps have finished
9606 steps have finished
9607 steps have finished
9608 steps have finished
9609 steps have finished
9610 steps have finished
9611 steps have finished
9612 steps have finished
9613 steps have finished
9614 steps have finished
9615 steps have finished
9616 steps have finished
9617 steps have finished
9618 steps have finished
9619 steps have finished
9620 steps have finished
9621 steps have finished
9622 steps have finished
9623 steps have finished
9624 steps have finished
9625 steps have finished
9626 steps have finished
9627 steps have finished
9628 steps have finished
9629 steps have finished
9630 steps have finished
9631 steps have finished
9632 steps have finished
9633 steps have finished
9634 steps have finished
9635 steps have finished
9636 steps have finished
9637 steps have finished
9638 steps have finished
9639 steps have finished
9640 steps have finished
9641 steps have finished
9642 steps have finished
9643 steps have finished
9644 steps have finished
9645 steps have finished
9646 steps have finished
9647 steps have finished
9648 steps have finished
9649 steps have finished
9650 steps have finished
9651 steps have finished
9652 steps have finished
9653 steps have finished
9654 steps have finished
9655 steps have finished
9656 steps have finished
9657 steps have finished
9658 steps have finished
9659 steps have finished
9660 steps have finished
9661 steps have finished
9662 steps have finished
9663 steps have finished
9664 steps have finished
9665 steps have finished
9666 steps have finished
9667 steps have finished
9668 steps have finished
9669 steps have finished
9670 steps have finished
9671 steps have finished
9672 steps have finished
9673 steps have finished
9674 steps have finished
9675 steps have finished
9676 steps have finished
9677 steps have finished
9678 steps have finished
9679 steps have finished
9680 steps have finished
9681 steps have finished
9682 steps have finished
9683 steps have finished
9684 steps have finished
9685 steps have finished
9686 steps have finished
9687 steps have finished
9688 steps have finished
9689 steps have finished
9690 steps have finished
9691 steps have finished
9692 steps have finished
9693 steps have finished
9694 steps have finished
9695 steps have finished
9696 steps have finished
9697 steps have finished
9698 steps have finished
9699 steps have finished
9700 steps have finished
9701 steps have finished
9702 steps have finished
9703 steps have finished
9704 steps have finished
9705 steps have finished
9706 steps have finished
9707 steps have finished
9708 steps have finished
9709 steps have finished
9710 steps have finished
9711 steps have finished
9712 steps have finished
9713 steps have finished
9714 steps have finished
9715 steps have finished
9716 steps have finished
9717 steps have finished
9718 steps have finished
9719 steps have finished
9720 steps have finished
9721 steps have finished
9722 steps have finished
9723 steps have finished
9724 steps have finished
9725 steps have finished
9726 steps have finished
9727 steps have finished
9728 steps have finished
9729 steps have finished
9730 steps have finished
9731 steps have finished
9732 steps have finished
9733 steps have finished
9734 steps have finished
9735 steps have finished
9736 steps have finished
9737 steps have finished
9738 steps have finished
9739 steps have finished
9740 steps have finished
9741 steps have finished
9742 steps have finished
9743 steps have finished
9744 steps have finished
9745 steps have finished
9746 steps have finished
9747 steps have finished
9748 steps have finished
9749 steps have finished
9750 steps have finished
9751 steps have finished
9752 steps have finished
9753 steps have finished
9754 steps have finished
9755 steps have finished
9756 steps have finished
9757 steps have finished
9758 steps have finished
9759 steps have finished
9760 steps have finished
9761 steps have finished
9762 steps have finished
9763 steps have finished
9764 steps have finished
9765 steps have finished
9766 steps have finished
9767 steps have finished
9768 steps have finished
9769 steps have finished
9770 steps have finished
9771 steps have finished
9772 steps have finished
9773 steps have finished
9774 steps have finished
9775 steps have finished
9776 steps have finished
9777 steps have finished
9778 steps have finished
9779 steps have finished
9780 steps have finished
9781 steps have finished
9782 steps have finished
9783 steps have finished
9784 steps have finished
9785 steps have finished
9786 steps have finished
9787 steps have finished
9788 steps have finished
9789 steps have finished
9790 steps have finished
9791 steps have finished
9792 steps have finished
9793 steps have finished
9794 steps have finished
9795 steps have finished
9796 steps have finished
9797 steps have finished
9798 steps have finished
9799 steps have finished
9800 steps have finished
9801 steps have finished
9802 steps have finished
9803 steps have finished
9804 steps have finished
9805 steps have finished
9806 steps have finished
9807 steps have finished
9808 steps have finished
9809 steps have finished
9810 steps have finished
9811 steps have finished
9812 steps have finished
9813 steps have finished
9814 steps have finished
9815 steps have finished
9816 steps have finished
9817 steps have finished
9818 steps have finished
9819 steps have finished
9820 steps have finished
9821 steps have finished
9822 steps have finished
9823 steps have finished
9824 steps have finished
9825 steps have finished
9826 steps have finished
9827 steps have finished
9828 steps have finished
9829 steps have finished
9830 steps have finished
9831 steps have finished
9832 steps have finished
9833 steps have finished
9834 steps have finished
9835 steps have finished
9836 steps have finished
9837 steps have finished
9838 steps have finished
9839 steps have finished
9840 steps have finished
9841 steps have finished
9842 steps have finished
9843 steps have finished
9844 steps have finished
9845 steps have finished
9846 steps have finished
9847 steps have finished
9848 steps have finished
9849 steps have finished
9850 steps have finished
9851 steps have finished
9852 steps have finished
9853 steps have finished
9854 steps have finished
9855 steps have finished
9856 steps have finished
9857 steps have finished
9858 steps have finished
9859 steps have finished
9860 steps have finished
9861 steps have finished
9862 steps have finished
9863 steps have finished
9864 steps have finished
9865 steps have finished
9866 steps have finished
9867 steps have finished
9868 steps have finished
9869 steps have finished
9870 steps have finished
9871 steps have finished
9872 steps have finished
9873 steps have finished
9874 steps have finished
9875 steps have finished
9876 steps have finished
9877 steps have finished
9878 steps have finished
9879 steps have finished
9880 steps have finished
9881 steps have finished
9882 steps have finished
9883 steps have finished
9884 steps have finished
9885 steps have finished
9886 steps have finished
9887 steps have finished
9888 steps have finished
9889 steps have finished
9890 steps have finished
9891 steps have finished
9892 steps have finished
9893 steps have finished
9894 steps have finished
9895 steps have finished
9896 steps have finished
9897 steps have finished
9898 steps have finished
9899 steps have finished
9900 steps have finished
9901 steps have finished
9902 steps have finished
9903 steps have finished
9904 steps have finished
9905 steps have finished
9906 steps have finished
9907 steps have finished
9908 steps have finished
9909 steps have finished
9910 steps have finished
9911 steps have finished
9912 steps have finished
9913 steps have finished
9914 steps have finished
9915 steps have finished
9916 steps have finished
9917 steps have finished
9918 steps have finished
9919 steps have finished
9920 steps have finished
9921 steps have finished
9922 steps have finished
9923 steps have finished
9924 steps have finished
9925 steps have finished
9926 steps have finished
9927 steps have finished
9928 steps have finished
9929 steps have finished
9930 steps have finished
9931 steps have finished
9932 steps have finished
9933 steps have finished
9934 steps have finished
9935 steps have finished
9936 steps have finished
9937 steps have finished
9938 steps have finished
9939 steps have finished
9940 steps have finished
9941 steps have finished
9942 steps have finished
9943 steps have finished
9944 steps have finished
9945 steps have finished
9946 steps have finished
9947 steps have finished
9948 steps have finished
9949 steps have finished
9950 steps have finished
9951 steps have finished
9952 steps have finished
9953 steps have finished
9954 steps have finished
9955 steps have finished
9956 steps have finished
9957 steps have finished
9958 steps have finished
9959 steps have finished
9960 steps have finished
9961 steps have finished
9962 steps have finished
9963 steps have finished
9964 steps have finished
9965 steps have finished
9966 steps have finished
9967 steps have finished
9968 steps have finished
9969 steps have finished
9970 steps have finished
9971 steps have finished
9972 steps have finished
9973 steps have finished
9974 steps have finished
9975 steps have finished
9976 steps have finished
9977 steps have finished
9978 steps have finished
9979 steps have finished
9980 steps have finished
9981 steps have finished
9982 steps have finished
9983 steps have finished
9984 steps have finished
9985 steps have finished
9986 steps have finished
9987 steps have finished
9988 steps have finished
9989 steps have finished
9990 steps have finished
9991 steps have finished
9992 steps have finished
9993 steps have finished
9994 steps have finished
9995 steps have finished
9996 steps have finished
9997 steps have finished
9998 steps have finished
9999 steps have finished
10000 steps have finished
2.200000 0.500000 10000.000000
2.250000 0.500000 10000.000000
2.300000 0.500000 10000.000000
2.350000 0.500000 10000.000000
2.400000 0.500000 10000.000000
2.450000 0.499999 10000.000000
2.500000 0.499991 10000.000000
2.550000 0.499958 10000.000000
2.600000 0.499841 10000.000000
2.650000 0.499503 10000.000000
2.700000 0.498676 10000.000000
2.750000 0.496901 10000.000000
2.800000 0.493484 10000.000000
2.850000 0.487482 10000.000000
2.900000 0.477756 10000.000000
2.950000 0.463114 10000.000000
3.000000 0.442527 10000.000000
3.050000 0.415334 10000.000000
3.100000 0.381367 10000.000000
3.150000 0.340961 10000.000000
3.200000 0.294866 10000.000000
3.250000 0.244103 10000.000000
3.300000 0.189812 10000.000000
3.350000 0.133123 10000.000000
3.400000 0.075068 10000.000000
3.450000 0.016521 10000.000000
3.500000 -0.041814 10000.000000
3.550000 -0.099362 10000.000000
3.600000 -0.155577 10000.000000
3.650000 -0.209788 10000.000000
3.700000 -0.261099 10000.000000
3.750000 -0.308383 10000.000000
3.800000 -0.350423 10000.000000
3.850000 -0.386130 10000.000000
3.900000 -0.414746 10000.000000
3.950000 -0.435960 10000.000000
4.000000 -0.449918 10000.000000
4.050000 -0.457144 10000.000000
4.100000 -0.458411 10000.000000
4.150000 -0.454620 10000.000000
4.200000 -0.446692 10000.000000
4.250000 -0.435503 10000.000000
4.300000 -0.421842 10000.000000
4.350000 -0.406392 10000.000000
4.400000 -0.389731 10000.000000
4.450000 -0.372336 10000.000000
4.500000 -0.354593 10000.000000
4.550000 -0.336803 10000.000000
4.600000 -0.319194 10000.000000
4.650000 -0.301930 10000.000000
4.700000 -0.285120 10000.000000
4.750000 -0.268837 10000.000000
4.800000 -0.253120 10000.000000
4.850000 -0.237994 10000.000000
4.900000 -0.223478 10000.000000
4.950000 -0.209585 10000.000000
5.000000 -0.196332 10000.000000
5.050000 -0.183732 10000.000000
5.100000 -0.171800 10000.000000
5.150000 -0.160544 10000.000000
5.200000 -0.149968 10000.000000
5.250000 -0.140067 10000.000000
5.300000 -0.130831 10000.000000
5.350000 -0.122240 10000.000000
5.400000 -0.114272 10000.000000
5.450000 -0.106896 10000.000000
5.500000 -0.100082 10000.000000
5.550000 -0.093796 10000.000000
5.600000 -0.088001 10000.000000
5.650000 -0.082665 10000.000000
5.700000 -0.077751 10000.000000
5.750000 -0.073227 10000.000000
5.800000 -0.069061 10000.000000
5.850000 -0.065222 10000.000000
5.900000 -0.061682 10000.000000
5.950000 -0.058416 10000.000000
6.000000 -0.055398 10000.000000
6.050000 -0.052606 10000.000000
6.100000 -0.050020 10000.000000
6.150000 -0.047620 10000.000000
6.200000 -0.045390 10000.000000
6.250000 -0.043315 10000.000000
6.300000 -0.041379 10000.000000
6.350000 -0.039570 10000.000000
6.400000 -0.037876 10000.000000
6.450000 -0.036288 10000.000000
6.500000 -0.034795 10000.000000
6.550000 -0.033389 10000.000000
6.600000 -0.032064 10000.000000
6.650000 -0.030811 10000.000000
6.700000 -0.029624 10000.000000
6.750000 -0.028499 10000.000000
6.800000 -0.027431 10000.000000
6.850000 -0.026414 10000.000000
6.900000 -0.025445 10000.000000
6.950000 -0.024520 10000.000000
7.000000 -0.023636 10000.000000
7.050000 -0.022791 10000.000000
7.100000 -0.021982 10000.000000
7.150000 -0.021206 10000.000000
7.200000 -0.020461 10000.000000
7.250000 -0.019745 10000.000000
7.300000 -0.019058 10000.000000
7.350000 -0.018396 10000.000000
7.400000 -0.017760 10000.000000
7.450000 -0.017146 10000.000000
7.500000 -0.016556 10000.000000
7.550000 -0.015986 10000.000000
7.600000 -0.015437 10000.000000
7.650000 -0.014907 10000.000000
7.700000 -0.014396 10000.000000
7.750000 -0.013902 10000.000000
7.800000 -0.013426 10000.000000
7.850000 -0.012966 10000.000000
7.900000 -0.012522 10000.000000
7.950000 -0.012093 10000.000000
8.000000 -0.011679 10000.000000
8.050000 -0.011243 10000.000000
8.100000 -0.010754 10000.000000
8.150000 -0.010220 10000.000000
8.200000 -0.009650 10000.000000
8.250000 -0.009055 10000.000000
8.300000 -0.008444 10000.000000
8.350000 -0.007828 10000.000000
8.400000 -0.007217 10000.000000
8.450000 -0.006620 10000.000000
8.500000 -0.006047 10000.000000
8.550000 -0.005504 10000.000000
8.600000 -0.004999 10000.000000
8.650000 -0.004536 10000.000000
8.700000 -0.004121 10000.000000
8.750000 -0.003756 10000.000000
8.800000 -0.003442 10000.000000
8.850000 -0.003181 10000.000000
8.900000 -0.002970 10000.000000
8.950000 -0.002808 10000.000000
9.000000 -0.002692 10000.000000
9.050000 -0.002600 10000.000000
9.100000 -0.002511 10000.000000
9.150000 -0.002426 10000.000000
9.200000 -0.002345 10000.000000
9.250000 -0.002266 10000.000000
9.300000 -0.002191 10000.000000
9.350000 -0.002118 10000.000000
9.400000 -0.002049 10000.000000
9.450000 -0.001982 10000.000000
9.500000 -0.001917 10000.000000
9.550000 -0.001856 10000.000000
9.600000 -0.001796 10000.000000
9.650000 -0.001739 10000.000000
9.700000 -0.001683 10000.000000
9.750000 -0.001630 10000.000000
9.800000 -0.001579 10000.000000
9.850000 -0.001530 10000.000000
9.900000 -0.001482 10000.000000
9.950000 -0.001437 10000.000000
10.000000 -0.001392 10000.000000
10.050000 -0.001350 10000.000000
10.100000 -0.001309 10000.000000
10.150000 -0.001269 10000.000000
10.200000 -0.001231 10000.000000
10.250000 -0.001194 10000.000000
10.300000 -0.001159 10000.000000
10.350000 -0.001124 10000.000000
10.400000 -0.001091 10000.000000
10.450000 -0.001059 10000.000000
10.500000 -0.001028 10000.000000
10.550000 -0.000999 10000.000000
10.600000 -0.000970 10000.000000
10.650000 -0.000942 10000.000000
10.700000 -0.000915 10000.000000
10.750000 -0.000889 10000.000000
10.800000 -0.000864 10000.000000
10.850000 -0.000840 10000.000000
10.900000 -0.000816 10000.000000
10.950000 -0.000793 10000.000000
11.000000 -0.000771 10000.000000
11.050000 -0.000750 10000.000000
11.100000 -0.000729 10000.000000
11.150000 -0.000710 10000.000000
11.200000 -0.000690 10000.000000
11.250000 -0.000672 10000.000000
11.300000 -0.000653 10000.000000
11.350000 -0.000636 10000.000000
11.400000 -0.000619 10000.000000
11.450000 -0.000602 10000.000000
11.500000 -0.000587 10000.000000
11.550000 -0.000571 10000.000000
11.600000 -0.000556 10000.000000
11.650000 -0.000542 10000.000000
11.700000 -0.000527 10000.000000
11.750000 -0.000514 10000.000000
11.800000 -0.000501 10000.000000
11.850000 -0.000488 10000.000000
11.900000 -0.000475 10000.000000
11.950000 -0.000463 10000.000000
12.000000 -0.000452 10000.000000
12.050000 -0.000440 10000.000000
12.100000 -0.000429 10000.000000
12.150000 -0.000418 10000.000000
12.200000 -0.000408 10000.000000
12.250000 -0.000398 10000.000000
12.300000 -0.000388 10000.000000
12.350000 -0.000379 10000.000000
12.400000 -0.000369 10000.000000
12.450000 -0.000360 10000.000000
12.500000 -0.000352 10000.000000
12.550000 -0.000343 10000.000000
12.600000 -0.000335 10000.000000
12.650000 -0.000327 10000.000000
12.700000 -0.000319 10000.000000
12.750000 -0.000311 10000.000000
12.800000 -0.000304 10000.000000
12.850000 -0.000297 10000.000000
12.900000 -0.000290 10000.000000
12.950000 -0.000283 10000.000000
13.000000 -0.000277 10000.000000
13.050000 -0.000270 10000.000000
13.100000 -0.000264 10000.000000
13.150000 -0.000258 10000.000000
13.200000 -0.000252 10000.000000
13.250000 -0.000246 10000.000000
13.300000 -0.000241 10000.000000
13.350000 -0.000235 10000.000000
13.400000 -0.000230 10000.000000
13.450000 -0.000225 10000.000000
13.500000 -0.000220 10000.000000
13.550000 -0.000215 10000.000000
13.600000 -0.000210 10000.000000
13.650000 -0.000205 10000.000000
13.700000 -0.000201 10000.000000
13.750000 -0.000196 10000.000000
13.800000 -0.000192 10000.000000
13.850000 -0.000188 10000.000000
13.900000 -0.000184 10000.000000
13.950000 -0.000180 10000.000000
14.000000 -0.000176 10000.000000
14.050000 -0.000172 10000.000000
14.100000 -0.000169 10000.000000
14.150000 -0.000165 10000.000000
14.200000 -0.000161 10000.000000
14.250000 -0.000158 10000.000000
14.300000 -0.000155 10000.000000
14.350000 -0.000151 10000.000000
14.400000 -0.000148 10000.000000
14.450000 -0.000145 10000.000000
14.500000 -0.000142 10000.000000
14.550000 -0.000139 10000.000000
14.600000 -0.000136 10000.000000
14.650000 -0.000134 10000.000000
14.700000 -0.000131 10000.000000
14.750000 -0.000128 10000.000000
14.800000 -0.000125 10000.000000
14.850000 -0.000123 10000.000000
14.900000 -0.000120 10000.000000
14.950000 -0.000118 10000.000000
15.000000 -0.000116 10000.000000
15.050000 -0.000113 10000.000000
15.100000 -0.000111 10000.000000
15.150000 -0.000109 10000.000000
15.200000 -0.000107 10000.000000
15.250000 -0.000105 10000.000000
15.300000 -0.000103 10000.000000
15.350000 -0.000101 10000.000000
15.400000 -0.000099 10000.000000
15.450000 -0.000097 10000.000000
15.500000 -0.000095 10000.000000
15.550000 -0.000093 10000.000000
15.600000 -0.000091 10000.000000
15.650000 -0.000089 10000.000000
15.700000 -0.000088 10000.000000
15.750000 -0.000086 10000.000000
15.800000 -0.000084 10000.000000
15.850000 -0.000083 10000.000000
15.900000 -0.000081 10000.000000
15.950000 -0.000080 10000.000000
16.000000 -0.000078 10000.000000
16.050000 -0.000077 10000.000000
16.100000 -0.000075 10000.000000
16.150000 -0.000074 10000.000000
16.200000 -0.000073 10000.000000
16.250000 -0.000071 10000.000000
16.300000 -0.000070 10000.000000
16.350000 -0.000069 10000.000000
16.400000 -0.000067 10000.000000
16.450000 -0.000066 10000.000000
16.500000 -0.000065 10000.000000
16.550000 -0.000064 10000.000000
16.600000 -0.000063 10000.000000
16.650000 -0.000061 10000.000000
16.700000 -0.000060 10000.000000
16.750000 -0.000059 10000.000000
16.800000 -0.000058 10000.000000
16.850000 -0.000057 10000.000000
16.900000 -0.000056 10000.000000
16.950000 -0.000055 10000.000000
17.000000 -0.000054 10000.000000
17.050000 -0.000053 10000.000000
17.100000 -0.000052 10000.000000
17.150000 -0.000051 10000.000000
17.200000 -0.000050 10000.000000
17.250000 -0.000050 10000.000000
17.300000 -0.000049 10000.000000
17.350000 -0.000048 10000.000000
17.400000 -0.000047 10000.000000
17.450000 -0.000046 10000.000000
17.500000 -0.000045 10000.000000
17.550000 -0.000045 10000.000000
17.600000 -0.000044 10000.000000
17.650000 -0.000043 10000.000000
17.700000 -0.000042 10000.000000
17.750000 -0.000042 10000.000000
17.800000 -0.000041 10000.000000
17.850000 -0.000040 10000.000000
17.900000 -0.000040 10000.000000
17.950000 -0.000039 10000.000000
18.000000 -0.000038 10000.000000
18.050000 -0.000038 10000.000000
18.100000 -0.000037 10000.000000
18.150000 -0.000036 10000.000000
18.200000 -0.000036 10000.000000
18.250000 -0.000035 10000.000000
18.300000 -0.000035 10000.000000
18.350000 -0.000034 10000.000000
18.400000 -0.000034 10000.000000
18.450000 -0.000033 10000.000000
18.500000 -0.000032 10000.000000
18.550000 -0.000032 10000.000000
18.600000 -0.000031 10000.000000
18.650000 -0.000031 10000.000000
18.700000 -0.000030 10000.000000
18.750000 -0.000030 10000.000000
18.800000 -0.000029 10000.000000
18.850000 -0.000029 10000.000000
18.900000 -0.000029 10000.000000
18.950000 -0.000028 10000.000000
19.000000 -0.000028 10000.000000
19.050000 -0.000027 10000.000000
19.100000 -0.000027 10000.000000
19.150000 -0.000026 10000.000000
19.200000 -0.000026 10000.000000
19.250000 -0.000026 10000.000000
19.300000 -0.000025 10000.000000
19.350000 -0.000025 10000.000000
19.400000 -0.000024 10000.000000
19.450000 -0.000024 10000.000000
19.500000 -0.000024 10000.000000
19.550000 -0.000023 10000.000000
19.600000 -0.000023 10000.000000
19.650000 -0.000023 10000.000000
19.700000 -0.000022 10000.000000
19.750000 -0.000022 10000.000000
19.800000 -0.000022 10000.000000
19.850000 -0.000021 10000.000000
19.900000 -0.000021 10000.000000
19.950000 -0.000021 10000.000000
20.000000 -0.000020 10000.000000
20.050000 -0.000020 10000.000000
20.100000 -0.000020 10000.000000
20.150000 -0.000019 10000.000000
20.200000 -0.000019 10000.000000
20.250000 -0.000019 10000.000000
20.300000 -0.000019 10000.000000
20.350000 -0.000018 10000.000000
20.400000 -0.000018 10000.000000
20.450000 -0.000018 10000.000000
20.500000 -0.000017 10000.000000
20.550000 -0.000017 10000.000000
20.600000 -0.000017 10000.000000
20.650000 -0.000017 10000.000000
20.700000 -0.000016 10000.000000
20.750000 -0.000016 10000.000000
20.800000 -0.000016 10000.000000
20.850000 -0.000016 10000.000000
20.900000 -0.000016 10000.000000
20.950000 -0.000015 10000.000000
21.000000 -0.000015 10000.000000
21.050000 -0.000015 10000.000000
21.100000 -0.000015 10000.000000
21.150000 -0.000014 10000.000000
21.200000 -0.000014 10000.000000
21.250000 -0.000014 10000.000000
21.300000 -0.000014 10000.000000
21.350000 -0.000014 10000.000000
21.400000 -0.000013 10000.000000
21.450000 -0.000013 10000.000000
21.500000 -0.000013 10000.000000
21.550000 -0.000013 10000.000000
21.600000 -0.000013 10000.000000
21.650000 -0.000013 10000.000000
21.700000 -0.000012 10000.000000
21.750000 -0.000012 10000.000000
21.800000 -0.000012 10000.000000
21.850000 -0.000012 10000.000000
21.900000 -0.000012 10000.000000
21.950000 -0.000012 10000.000000
22.000000 -0.000011 10000.000000
22.050000 -0.000011 10000.000000
22.100000 -0.000011 10000.000000
22.150000 -0.000011 10000.000000
22.200000 -0.000011 10000.000000
22.250000 -0.000011 10000.000000
22.300000 -0.000011 10000.000000
22.350000 -0.000010 10000.000000
22.400000 -0.000010 10000.000000
22.450000 -0.000010 10000.000000
22.500000 -0.000010 10000.000000
22.550000 -0.000010 10000.000000
22.600000 -0.000010 10000.000000
22.650000 -0.000010 10000.000000
22.700000 -0.000009 10000.000000
22.750000 -0.000009 10000.000000
22.800000 -0.000009 10000.000000
22.850000 -0.000009 10000.000000
22.900000 -0.000009 10000.000000
22.950000 -0.000009 10000.000000
23.000000 -0.000009 10000.000000
23.050000 -0.000009 10000.000000
23.100000 -0.000009 10000.000000
23.150000 -0.000008 10000.000000
23.200000 -0.000008 10000.000000
23.250000 -0.000008 10000.000000
23.300000 -0.000008 10000.000000
23.350000 -0.000008 10000.000000
23.400000 -0.000008 10000.000000
23.450000 -0.000008 10000.000000
23.500000 -0.000008 10000.000000
23.550000 -0.000008 10000.000000
23.600000 -0.000007 10000.000000
23.650000 -0.000007 10000.000000
23.700000 -0.000007 10000.000000
23.750000 -0.000007 10000.000000
23.800000 -0.000007 10000.000000
23.850000 -0.000007 10000.000000
23.900000 -0.000007 10000.000000
23.950000 -0.000007 10000.000000
24.000000 -0.000007 10000.000000
24.050000 -0.000007 10000.000000
24.100000 -0.000007 10000.000000
24.150000 -0.000007 10000.000000
24.200000 -0.000006 10000.000000
24.250000 -0.000006 10000.000000
24.300000 -0.000006 10000.000000
24.350000 -0.000006 10000.000000
24.400000 -0.000006 10000.000000
24.450000 -0.000006 10000.000000
24.500000 -0.000006 10000.000000
24.550000 -0.000006 10000.000000
24.600000 -0.000006 10000.000000
24.650000 -0.000006 10000.000000
24.700000 -0.000006 10000.000000
24.750000 -0.000006 10000.000000
24.800000 -0.000006 10000.000000
24.850000 -0.000005 10000.000000
24.900000 -0.000005 10000.000000
24.950000 -0.000005 10000.000000
25.000000 -0.000005 10000.000000
25.050000 -0.000005 10000.000000
25.100000 -0.000005 10000.000000
25.150000 -0.000005 10000.000000
25.200000 -0.000005 10000.000000
25.250000 -0.000005 10000.000000
25.300000 -0.000005 10000.000000
25.350000 -0.000005 10000.000000
25.400000 -0.000005 10000.000000
25.450000 -0.000005 10000.000000
25.500000 -0.000005 10000.000000
25.550000 -0.000005 10000.000000
25.600000 -0.000005 10000.000000
25.650000 -0.000005 10000.000000
25.700000 -0.000004 10000.000000
25.750000 -0.000004 10000.000000
25.800000 -0.000004 10000.000000
25.850000 -0.000004 10000.000000
25.900000 -0.000004 10000.000000
25.950000 -0.000004 10000.000000
26.000000 -0.000004 10000.000000
26.050000 -0.000004 10000.000000
26.100000 -0.000004 10000.000000
26.150000 -0.000004 10000.000000
26.200000 -0.000004 10000.000000
26.250000 -0.000004 10000.000000
26.300000 -0.000004 10000.000000
26.350000 -0.000004 10000.000000
26.400000 -0.000004 10000.000000
26.450000 -0.000004 10000.000000
26.500000 -0.000004 10000.000000
26.550000 -0.000004 10000.000000
26.600000 -0.000004 10000.000000
26.650000 -0.000004 10000.000000
26.700000 -0.000004 10000.000000
26.750000 -0.000004 10000.000000
26.800000 -0.000003 10000.000000
26.850000 -0.000003 10000.000000
26.900000 -0.000003 10000.000000
26.950000 -0.000003 10000.000000
27.000000 -0.000003 10000.000000
27.050000 -0.000003 10000.000000
27.100000 -0.000003 10000.000000
27.150000 -0.000003 10000.000000
27.200000 -0.000003 10000.000000
27.250000 -0.000003 10000.000000
27.300000 -0.000003 10000.000000
27.350000 -0.000003 10000.000000
27.400000 -0.000003 10000.000000
27.450000 -0.000003 10000.000000
27.500000 -0.000003 10000.000000
27.550000 -0.000003 10000.000000
27.600000 -0.000003 10000.000000
27.650000 -0.000003 10000.000000
27.700000 -0.000003 10000.000000
27.750000 -0.000003 10000.000000
27.800000 -0.000003 10000.000000
27.850000 -0.000003 10000.000000
27.900000 -0.000003 10000.000000
27.950000 -0.000003 10000.000000
28.000000 -0.000003 10000.000000
28.050000 -0.000003 10000.000000
28.100000 -0.000003 10000.000000
28.150000 -0.000003 10000.000000
28.200000 -0.000003 10000.000000
28.250000 -0.000003 10000.000000
28.300000 -0.000003 10000.000000
28.350000 -0.000002 10000.000000
28.400000 -0.000002 10000.000000
28.450000 -0.000002 10000.000000
28.500000 -0.000002 10000.000000
28.550000 -0.000002 10000.000000
28.600000 -0.000002 10000.000000
28.650000 -0.000002 10000.000000
28.700000 -0.000002 10000.000000
28.750000 -0.000002 10000.000000
28.800000 -0.000002 10000.000000
28.850000 -0.000002 10000.000000
28.900000 -0.000002 10000.000000
28.950000 -0.000002 10000.000000
29.000000 -0.000002 10000.000000
29.050000 -0.000002 10000.000000
29.100000 -0.000002 10000.000000
29.150000 -0.000002 10000.000000
29.200000 -0.000002 10000.000000
29.250000 -0.000002 10000.000000
29.300000 -0.000002 10000.000000
29.350000 -0.000002 10000.000000
29.400000 -0.000002 10000.000000
29.450000 -0.000002 10000.000000
29.500000 -0.000002 10000.000000
29.550000 -0.000002 10000.000000
29.600000 -0.000002 10000.000000
29.650000 -0.000002 10000.000000
29.700000 -0.000002 10000.000000
29.750000 -0.000002 10000.000000
29.800000 -0.000002 10000.000000
29.850000 -0.000002 10000.000000
29.900000 -0.000002 10000.000000
29.950000 -0.000002 10000.000000
30.000000 -0.000002 10000.000000
30.050000 -0.000002 10000.000000
30.100000 -0.000002 10000.000000
30.150000 -0.000002 10000.000000
30.200000 -0.000002 10000.000000
30.250000 -0.000002 10000.000000
30.300000 -0.000002 10000.000000
30.350000 -0.000002 10000.000000
30.400000 -0.000002 10000.000000
30.450000 -0.000002 10000.000000
30.500000 -0.000002 10000.000000
30.550000 -0.000002 10000.000000
30.600000 -0.000002 10000.000000
30.650000 -0.000002 10000.000000
30.700000 -0.000002 10000.000000
30.750000 -0.000002 10000.000000
30.800000 -0.000002 10000.000000
30.850000 -0.000002 10000.000000
30.900000 -0.000001 10000.000000
30.950000 -0.000001 10000.000000
31.000000 -0.000001 10000.000000
31.050000 -0.000001 10000.000000
31.100000 -0.000001 10000.000000
31.150000 -0.000001 10000.000000
31.200000 -0.000001 10000.000000
31.250000 -0.000001 10000.000000
31.300000 -0.000001 10000.000000
31.350000 -0.000001 10000.000000
31.400000 -0.000001 10000.000000
31.450000 -0.000001 10000.000000
31.500000 -0.000001 10000.000000
31.550000 -0.000001 10000.000000
31.600000 -0.000001 10000.000000
31.650000 -0.000001 10000.000000
31.700000 -0.000001 10000.000000
31.750000 -0.000001 10000.000000
31.800000 -0.000001 10000.000000
31.850000 -0.000001 10000.000000
31.900000 -0.000001 10000.000000
31.950000 -0.000001 10000.000000
32.000000 -0.000001 10000.000000
32.050000 -0.000001 10000.000000
32.100000 -0.000001 10000.000000
32.150000 -0.000001 10000.000000
32.200000 -0.000001 10000.000000
32.250000 -0.000001 10000.000000
32.300000 -0.000001 10000.000000
32.350000 -0.000001 10000.000000
32.400000 -0.000001 10000.000000
32.450000 -0.000001 10000.000000
32.500000 -0.000001 10000.000000
32.550000 -0.000001 10000.000000
32.600000 -0.000001 10000.000000
32.650000 -0.000001 10000.000000
32.700000 -0.000001 10000.000000
32.750000 -0.000001 10000.000000
32.800000 -0.000001 10000.000000
32.850000 -0.000001 10000.000000
32.900000 -0.000001 10000.000000
32.950000 -0.000001 10000.000000
33.000000 -0.000001 10000.000000
33.050000 -0.000001 10000.000000
33.100000 -0.000001 10000.000000
33.150000 -0.000001 10000.000000
33.200000 -0.000001 10000.000000
33.250000 -0.000001 10000.000000
33.300000 -0.000001 10000.000000
33.350000 -0.000001 10000.000000
33.400000 -0.000001 10000.000000
33.450000 -0.000001 10000.000000
33.500000 -0.000001 10000.000000
33.550000 -0.000001 10000.000000
33.600000 -0.000001 10000.000000
33.650000 -0.000001 10000.000000
33.700000 -0.000001 10000.000000
33.750000 -0.000001 10000.000000
33.800000 -0.000001 10000.000000
33.850000 -0.000001 10000.000000
33.900000 -0.000001 10000.000000
33.950000 -0.000001 10000.000000
34.000000 -0.000001 10000.000000
34.050000 -0.000001 10000.000000
34.100000 -0.000001 10000.000000
34.150000 -0.000001 10000.000000
34.200000 -0.000001 10000.000000
34.250000 -0.000001 10000.000000
34.300000 -0.000001 10000.000000
34.350000 -0.000001 10000.000000
34.400000 -0.000001 10000.000000
34.450000 -0.000001 10000.000000
34.500000 -0.000001 10000.000000
34.550000 -0.000001 10000.000000
34.600000 -0.000001 10000.000000
34.650000 -0.000001 10000.000000
34.700000 -0.000001 10000.000000
34.750000 -0.000001 10000.000000
34.800000 -0.000001 10000.000000
34.850000 -0.000001 10000.000000
34.900000 -0.000001 10000.000000
34.950000 -0.000001 10000.000000
35.000000 -0.000001 10000.000000
35.050000 -0.000001 10000.000000
35.100000 -0.000001 10000.000000
35.150000 -0.000001 10000.000000
35.200000 -0.000001 10000.000000
35.250000 -0.000001 10000.000000
35.300000 -0.000001 10000.000000
35.350000 -0.000001 10000.000000
35.400000 -0.000001 10000.000000
35.450000 -0.000001 10000.000000
35.500000 -0.000001 10000.000000
35.550000 -0.000001 10000.000000
35.600000 -0.000001 10000.000000
35.650000 -0.000001 10000.000000
35.700000 -0.000001 10000.000000
35.750000 -0.000001 10000.000000
35.800000 -0.000001 10000.000000
35.850000 -0.000001 10000.000000
35.900000 -0.000001 10000.000000
35.950000 -0.000001 10000.000000
36.000000 -0.000001 10000.000000
36.050000 -0.000001 10000.000000
36.100000 -0.000001 10000.000000
36.150000 -0.000001 10000.000000
36.200000 -0.000001 10000.000000
36.250000 -0.000001 10000.000000
36.300000 -0.000001 10000.000000
36.350000 -0.000001 10000.000000
36.400000 -0.000001 10000.000000
36.450000 -0.000001 10000.000000
36.500000 -0.000001 10000.000000
36.550000 -0.000001 10000.000000
36.600000 -0.000001 10000.000000
36.650000 -0.000001 10000.000000
36.700000 -0.000001 10000.000000
36.750000 -0.000001 10000.000000
36.800000 -0.000001 10000.000000
36.850000 -0.000001 10000.000000
36.900000 -0.000001 10000.000000
36.950000 -0.000001 10000.000000
37.000000 -0.000001 10000.000000
37.050000 -0.000001 10000.000000
37.100000 -0.000000 10000.000000
37.150000 -0.000000 10000.000000
37.200000 -0.000000 10000.000000
37.250000 -0.000000 10000.000000
37.300000 -0.000000 10000.000000
37.350000 -0.000000 10000.000000
37.400000 -0.000000 10000.000000
37.450000 -0.000000 10000.000000
37.500000 -0.000000 10000.000000
37.550000 -0.000000 10000.000000
37.600000 -0.000000 10000.000000
37.650000 -0.000000 10000.000000
37.700000 -0.000000 10000.000000
37.750000 -0.000000 10000.000000
37.800000 -0.000000 10000.000000
37.850000 -0.000000 10000.000000
37.900000 -0.000000 10000.000000
37.950000 -0.000000 10000.000000
38.000000 -0.000000 10000.000000
38.050000 -0.000000 10000.000000
38.100000 -0.000000 10000.000000
38.150000 -0.000000 10000.000000
38.200000 -0.000000 10000.000000
38.250000 -0.000000 10000.000000
38.300000 -0.000000 10000.000000
38.350000 -0.000000 10000.000000
38.400000 -0.000000 10000.000000
38.450000 -0.000000 10000.000000
38.500000 -0.000000 10000.000000
38.550000 -0.000000 10000.000000
38.600000 -0.000000 10000.000000
38.650000 -0.000000 10000.000000
38.700000 -0.000000 10000.000000
38.750000 -0.000000 10000.000000
38.800000 -0.000000 10000.000000
38.850000 -0.000000 10000.000000
38.900000 -0.000000 10000.000000
38.950000 -0.000000 10000.000000
39.000000 -0.000000 10000.000000
39.050000 -0.000000 10000.000000
39.100000 -0.000000 10000.000000
39.150000 -0.000000 10000.000000
39.200000 -0.000000 10000.000000
39.250000 -0.000000 10000.000000
39.300000 -0.000000 10000.000000
39.350000 -0.000000 10000.000000
39.400000 -0.000000 10000.000000
39.450000 -0.000000 10000.000000
39.500000 -0.000000 10000.000000
39.550000 -0.000000 10000.000000
39.600000 -0.000000 10000.000000
39.650000 -0.000000 10000.000000
39.700000 -0.000000 10000.000000
39.750000 -0.000000 10000.000000
39.800000 -0.000000 10000.000000
39.850000 -0.000000 10000.000000
39.900000 -0.000000 10000.000000
39.950000 -0.000000 10000.000000
40.000000 -0.000000 10000.000000
40.050000 -0.000000 10000.000000
40.100000 -0.000000 10000.000000
40.150000 -0.000000 10000.000000
40.200000 -0.000000 10000.000000
40.250000 -0.000000 10000.000000
40.300000 -0.000000 10000.000000
40.350000 -0.000000 10000.000000
40.400000 -0.000000 10000.000000
40.450000 -0.000000 10000.000000
40.500000 -0.000000 10000.000000
40.550000 -0.000000 10000.000000
40.600000 -0.000000 10000.000000
40.650000 -0.000000 10000.000000
40.700000 -0.000000 10000.000000
40.750000 -0.000000 10000.000000
40.800000 -0.000000 10000.000000
40.850000 -0.000000 10000.000000
40.900000 -0.000000 10000.000000
40.950000 -0.000000 10000.000000
41.000000 -0.000000 10000.000000
41.050000 -0.000000 10000.000000
41.100000 -0.000000 10000.000000
41.150000 -0.000000 10000.000000
41.200000 -0.000000 10000.000000
41.250000 -0.000000 10000.000000
41.300000 -0.000000 10000.000000
41.350000 -0.000000 10000.000000
41.400000 -0.000000 10000.000000
41.450000 -0.000000 10000.000000
41.500000 -0.000000 10000.000000
41.550000 -0.000000 10000.000000
41.600000 -0.000000 10000.000000
41.650000 -0.000000 10000.000000
41.700000 -0.000000 10000.000000
41.750000 -0.000000 10000.000000
41.800000 -0.000000 10000.000000
41.850000 -0.000000 10000.000000
41.900000 -0.000000 10000.000000
41.950000 -0.000000 10000.000000
42.000000 -0.000000 10000.000000
42.050000 -0.000000 10000.000000
42.100000 -0.000000 10000.000000
42.150000 -0.000000 10000.000000
42.200000 -0.000000 10000.000000
42.250000 -0.000000 10000.000000
42.300000 -0.000000 10000.000000
42.350000 -0.000000 10000.000000
42.400000 -0.000000 10000.000000
42.450000 -0.000000 10000.000000
42.500000 -0.000000 10000.000000
42.550000 -0.000000 10000.000000
42.600000 -0.000000 10000.000000
42.650000 -0.000000 10000.000000
42.700000 -0.000000 10000.000000
42.750000 -0.000000 10000.000000
42.800000 -0.000000 10000.000000
42.850000 -0.000000 10000.000000
42.900000 -0.000000 10000.000000
42.950000 -0.000000 10000.000000
43.000000 -0.000000 10000.000000
43.050000 -0.000000 10000.000000
43.100000 -0.000000 10000.000000
43.150000 -0.000000 10000.000000
43.200000 -0.000000 10000.000000
43.250000 -0.000000 10000.000000
43.300000 -0.000000 10000.000000
43.350000 -0.000000 10000.000000
43.400000 -0.000000 10000.000000
43.450000 -0.000000 10000.000000
43.500000 -0.000000 10000.000000
43.550000 -0.000000 10000.000000
43.600000 -0.000000 10000.000000
43.650000 -0.000000 10000.000000
43.700000 -0.000000 10000.000000
43.750000 -0.000000 10000.000000
43.800000 -0.000000 10000.000000
43.850000 -0.000000 10000.000000
43.900000 -0.000000 10000.000000
43.950000 -0.000000 10000.000000
44.000000 -0.000000 10000.000000
44.050000 -0.000000 10000.000000
44.100000 -0.000000 10000.000000
44.150000 -0.000000 10000.000000
44.200000 -0.000000 10000.000000
44.250000 -0.000000 10000.000000
44.300000 -0.000000 10000.000000
44.350000 -0.000000 10000.000000
44.400000 -0.000000 10000.000000
44.450000 -0.000000 10000.000000
44.500000 -0.000000 10000.000000
44.550000 -0.000000 10000.000000
44.600000 -0.000000 10000.000000
44.650000 -0.000000 10000.000000
44.700000 -0.000000 10000.000000
44.750000 -0.000000 10000.000000
44.800000 -0.000000 10000.000000
44.850000 -0.000000 10000.000000
44.900000 -0.000000 10000.000000
44.950000 -0.000000 10000.000000
45.000000 -0.000000 10000.000000
Integral = -148.318689 0.000000
